title,rank,release_year
Better Days,#1,2019
Miracle in Cell No. 7,#2,2013
Hope,#3,2013
How to Make Millions before Grandma Dies,#4,2024
Monster,#5,2023
Train to Busan,#6,2016
Drawing Closer,#7,2024
A Taxi Driver,#8,2017
Parasite,#9,2019
Lighting Up the Stars,#10,2022
Silenced,#11,2011
The Paradise of Thorns,#12,2024
The Man from Nowhere,#13,2010
Rurouni Kenshin: The Legend Ends,#14,2014
Sunny,#15,2011
Your Eyes Tell,#16,2020
Even if This Love Disappears from the World Tonight,#17,2022
Our Times,#18,2015
Midnight Runners,#19,2017
Ode to My Father,#20,2014
Be with You,#21,2018
Along with the Gods 2: The Last 49 Days,#22,2018
Rurouni Kenshin: Kyoto Inferno,#23,2014
My Annoying Brother,#24,2016
Seven Samurai,#25,1954
Big World,#26,2024
Rurouni Kenshin,#27,2012
Hachiko Monogatari,#28,1987
I Can Speak,#29,2017
Mumu,#30,2025
20th Century Girl,#31,2022
Officer Black Belt,#32,2024
The Witch: Part 1. The Subversion,#33,2018
Viva La Vida,#34,2024
Along with the Gods: The Two Worlds,#35,2017
Even if This Love Disappears Tonight,#36,2025
Love in the Big City,#37,2024
Rurouni Kenshin: The Final,#38,2021
A Moment to Remember,#39,2004
Bad Genius,#40,2017
Hijack 1971,#41,2024
Always,#42,2011
Semantic Error: The Movie,#43,2022
My First Client,#44,2019
Rurouni Kenshin: The Beginning,#45,2021
In the Mood for Love,#46,2000
The Shadow's Edge,#47,2025
Godzilla Minus One,#48,2023
10Dance,#49,2025
Miracle: Letters to the President,#50,2021
A Werewolf Boy,#51,2012
The Yin-Yang Master: Dream of Eternity,#52,2020
Innocent Witness,#53,2019
Ip Man,#54,2008
You're So Precious to Me,#55,2021
Forgotten,#56,2017
The Red Envelope,#57,2025
Tae Guk Gi: The Brotherhood of War,#58,2004
Emergency Declaration,#59,2022
71: Into the Fire,#60,2010
As Long as We Both Shall Live,#61,2023
Inseparable Bros,#62,2019
18×2  Beyond Youthful Days,#63,2024
Northern Limit Line,#64,2015
A Little Red Flower,#65,2020
Extreme Job,#66,2019
Hear Me: Our Summer,#67,2024
The Time of Fever,#68,2024
Perfect Days,#69,2023
Kokuho,#70,2025
As One,#71,2012
Canola,#72,2016
Ayla: The Daughter of War,#73,2017
The Childe,#74,2023
Under the Hawthorn Tree,#75,2010
Confessions,#76,2010
Wuliang,#77,2020
Departures,#78,2008
Our Secret Diary,#79,2023
Pawn,#80,2020
Us and Them,#81,2018
Memories of Murder,#82,2003
Exhuma,#83,2024
Rebound,#84,2023
Shark: The Beginning,#85,2021
Juror 8,#86,2019
Brave Citizen,#87,2023
Kung Fu Hustle,#88,2004
Love Untangled,#89,2025
Exit,#90,2019
The Flu,#91,2013
Man in Love,#92,2021
2037,#93,2022
Shoot My Heart,#94,2015
The Admiral: Roaring Currents,#95,2014
The Last 10 Years,#96,2022
Crazy Little Thing Called Love,#97,2010
High&Low the Movie 3: Final Mission,#98,2017
Nobody Knows,#99,2004
Chungking Express,#100,1994
Cry Me a Sad River,#101,2018
Infernal Affairs,#102,2002
Red Cliff 2,#103,2009
High&Low the Movie 2: End of Sky,#104,2017
Kim Ji Young: Born 1982,#105,2019
Ip Man 2: Legend of Grandmaster,#106,2010
Shoplifters,#107,2018
Liar Game: The Final Stage,#108,2010
Harakiri,#109,1962
Yesterday Once More,#110,2023
All These Years,#111,2023
Midnight,#112,2021
The Moon,#113,2023
"The Gangster, the Cop and the Devil",#114,2019
My Way,#115,2011
The First Ride,#116,2025
Let Free the Curse of Taekwondo,#117,2024
Soulmate,#118,2023
Flying Colors,#119,2015
High&Low: The Worst,#120,2019
To Each His Own,#121,2017
A Balloon's Landing,#122,2024
The 8-Year Engagement,#123,2017
One and Only,#124,2023
Masquerade,#125,2012
The Way Home,#126,2002
Love Will Tear Us Apart,#127,2021
"Crouching Tiger, Hidden Dragon",#128,2000
The Throne,#129,2015
The Roundup,#130,2022
The Merciless,#131,2017
Wedding Dress,#132,2010
Okay! Madam,#133,2020
High&Low: The Worst X,#134,2022
Pandora,#135,2016
Hwayi: A Monster Boy,#136,2013
High&Low: The Movie,#137,2016
Hitman: Agent Jun,#138,2020
6/45,#139,2022
The Battleship Island,#140,2017
Vanishing Time: A Boy Who Returned,#141,2016
The Dude in Me,#142,2019
Rockin' on Heaven's Door,#143,2013
The Last Princess,#144,2016
Heneral Luna,#145,2015
Love Letter,#146,1995
Joint Security Area,#147,2000
Nice View,#148,2022
The Negotiation,#149,2018
Fabricated City,#150,2017
Kingdom,#151,2019
Red Cliff,#152,2008
Your Name Engraved Herein,#153,2020
The Call,#154,2020
The Con-Heartist,#155,2020
Confidential Assignment 2: International,#156,2022
Hero,#157,2002
Lost in the Stars,#158,2022
Way Back Home,#159,2013
The Classic,#160,2003
Orange,#161,2015
Space Sweepers,#162,2021
Salut D'Amour,#163,2015
Unforgettable,#164,2016
The Beauty Inside,#165,2015
Secretly Greatly,#166,2013
Her Love Boils Bathwater,#167,2016
House of Flying Daggers,#168,2004
Life: Love on the Line (Director's Cut),#169,2020
Old Boy,#170,2003
Switch,#171,2023
Memoir of a Murderer,#172,2017
The Captain,#173,2019
Teacher's Diary,#174,2014
Maundy Thursday,#175,2006
My Brilliant Life,#176,2014
Escape,#177,2024
SKZ Flix,#178,2023
Kingdom 4: Return of the Great General,#179,2024
The King’s Warden,#180,2026
Not Friends,#181,2023
Little Forest: Summer & Autumn,#182,2014
My Love,#183,2021
We Made a Beautiful Bouquet,#184,2021
Pee Mak,#185,2013
Friend Zone,#186,2019
Adoring,#187,2019
The Tower,#188,2012
Little Forest,#189,2018
Nobunaga Concerto: The Movie,#190,2016
Hearty Paws 1,#191,2006
Go Brother!,#192,2018
Chihayafuru Part 3,#193,2018
Escape from Mogadishu,#194,2021
To My Star (Movie),#195,2021
Hello Ghost!,#196,2023
The Witness,#197,2015
Spaceless,#198,2024
Let Me Eat Your Pancreas,#199,2017
A Year-End Medley,#200,2021
Wonderful Nightmare,#201,2015
New Trial,#202,2017
Little Forest: Winter & Spring,#203,2015
Reunion 2: Mystery of the Abyss,#204,2022
Road to Boston,#205,2023
Memoir of a Murderer: Another Memory,#206,2017
"Hi, Mom",#207,2021
Confidential Assignment,#208,2017
My Beautiful Man: Eternal,#209,2023
More Than Blue,#210,2018
The Odd Family: Zombie on Sale,#211,2019
I Saw the Devil,#212,2010
"Cheer Up, Mr. Lee",#213,2019
Bunny Drop,#214,2011
Ikiru,#215,1952
Malmoe: The Secret Mission,#216,2019
"Like Father, Like Son",#217,2013
Fatal Journey,#218,2020
Raise the Red Lantern,#219,1991
Gameboys: The Movie,#220,2021
Code Blue: The Movie,#221,2018
Ran,#222,1985
Tunnel,#223,2016
Mission: Possible,#224,2021
Four Sisters and a Wedding,#225,2013
Assassination,#226,2015
The Handmaiden,#227,2016
Painted Skin: The Guo Jingming Edition,#228,2020
Snowy Road,#229,2017
Past Lives,#230,2023
The Great Battle,#231,2018
The Attorney,#232,2013
The Outlaws,#233,2017
Hello Ghost,#234,2010
Miss Baek,#235,2018
Road to Empress,#236,2025
A Christmas Carol,#237,2022
The Karate Kid,#238,2010
Seondal: The Man Who Sells the River,#239,2016
The Roundup: Punishment,#240,2024
P1H: The Beginning of a New World,#241,2020
Can't Help Falling in Love,#242,2017
And So the Baton Is Passed,#243,2021
The Con Artists,#244,2014
Tune in for Love,#245,2019
Recalled,#246,2021
1987: When the Day Comes,#247,2017
My Daughter Is a Zombie,#248,2025
Tokyo Revengers,#249,2021
The Hows of Us,#250,2018
Time Still Turns the Pages,#251,2023
The Eternal Zero,#252,2013
Just for Meeting You,#253,2023
Hidden Blade,#254,2023
Cherry Magic! Thirty Years of Virginity Can Make You a Wizard?!: The Movie,#255,2022
BL Metamorphosis,#256,2022
Whatcha Wearin'?,#257,2012
Marathon,#258,2005
Character,#259,2021
New World,#260,2013
The Roundup: No Way Out,#261,2023
Miss & Mrs. Cops,#262,2019
Lipstick,#263,2019
Time Renegades,#264,2016
Fallen Angels,#265,1995
Remember,#266,2022
The Flowers of War,#267,2011
Cassiopeia,#268,2022
Decibel,#269,2022
Kingdom 3: Flame of Destiny,#270,2023
Blind,#271,2011
Our Little Sister,#272,2015
Tazza 2: The Hidden Card,#273,2014
To My Star 2 (Movie),#274,2023
Love 911,#275,2012
Ip Man 4,#276,2019
Chihayafuru Part 2,#277,2016
"My Tomorrow, Your Yesterday",#278,2016
Dog Days,#279,2024
Soul Mate,#280,2016
Creation of the Gods Ⅰ: Kingdom of Storms,#281,2023
Born to Fly,#282,2023
Letters from Iwo Jima,#283,2006
Going by the Book,#284,2007
Ip Man 3,#285,2015
Be With You,#286,2004
Golden Kamuy,#287,2024
The Swindlers,#288,2017
Okja,#289,2017
The Asadas!,#290,2020
More Than Blue,#291,2009
Someday or One Day: The Movie,#292,2022
No More Bets,#293,2023
Don't Forget I Love You,#294,2022
Sweet Bean,#295,2015
Scandal Makers,#296,2008
The Battle of Jangsari,#297,2019
Cold Eyes,#298,2013
Luck-Key,#299,2016
Chihayafuru Part 1,#300,2016
Our Dating Sim (Movie),#301,2023
Seobok,#302,2021
Kingdom 2: Far and Away,#303,2022
Yojimbo,#304,1961
The Accidental Detective 2: In Action,#305,2018
Special Delivery,#306,2022
Mulan,#307,2009
Wood Job!,#308,2014
On Your Wedding Day,#309,2018
High&Low: The Red Rain,#310,2016
In Our Prime,#311,2022
Castaway on the Moon,#312,2009
Veteran,#313,2015
Lovesick,#314,2025
Sky of Love,#315,2007
The Accidental Detective,#316,2015
The Swordsman,#317,2020
Confession of Murder,#318,2012
"Hello, Love, Goodbye",#319,2019
The Chaser,#320,2008
Monster Hunt,#321,2015
The Suspect,#322,2013
The Front Line,#323,2011
Secrets in the Hot Spring,#324,2018
Birthday,#325,2019
The Night Owl,#326,2022
The Terror Live,#327,2013
She's Dating the Gangster,#328,2014
The Last Wish,#329,2019
Faceless,#330,2024
Citizen of a Kind,#331,2024
The Spy Gone North,#332,2018
Isa Pa with Feelings,#333,2019
Crows Zero 2,#334,2009
High and Low,#335,1963
First Time,#336,2012
Hear Me,#337,2009
Il Mare,#338,2000
My Best Summer,#339,2019
Detective Chinatown 3,#340,2021
Secret Reunion,#341,2010
Midnight Diner,#342,2015
Close-Knit,#343,2017
My Name Is Loh Kiwan,#344,2024
The Gifted Hands,#345,2013
Shaolin Soccer,#346,2001
Utsukushii Kare: Special Edit Version,#347,2023
Monster Hunt 2,#348,2018
Heavenly Forest,#349,2006
Survival Family,#350,2017
Love You Forever,#351,2020
Mood of the Day,#352,2016
May Who?,#353,2015
Night in Paradise,#354,2021
1 Litre of Tears,#355,2005
One Cut of the Dead,#356,2017
Till We Meet Again,#357,2021
The Miracles of the Namiya General Store,#358,2017
Rashomon,#359,1950
His,#360,2020
Husbands in Action,#361,2026
Will You Be There?,#362,2016
Welcome to Dongmakgol,#363,2005
If Cats Disappeared from the World,#364,2016
L.O.R.D 2,#365,2020
Closest Love to Heaven,#366,2017
Threads: Our Tapestry of Love,#367,2020
The Long Way Home,#368,2015
Spellbound,#369,2011
Where Your Eyes Linger (Movie),#370,2020
Hi-Five,#371,2025
Don't Call It Mystery: The Movie,#372,2023
Detective Chinatown 2,#373,2018
Handsome Guys,#374,2024
Journey to the Shore,#375,2020
"From Today, It's My Turn!!: The Movie",#376,2020
Crazy Beautiful You,#377,2015
Pavane,#378,2026
Boys over Flowers: Final,#379,2008
Making Family,#380,2016
Ditto,#381,2022
TEIICHI: Battle of Supreme High,#382,2017
The Royal Tailor,#383,2014
A Violent Prosecutor,#384,2016
The Pirates 2: The Last Royal Treasure,#385,2022
Take Off 2,#386,2016
Falling into Your Smile (Movie),#387,2022
Gintama 2: Rules Are Made to Be Broken,#388,2018
Yi Yi,#389,2000
Innocence,#390,2020
Present Perfect,#391,2014
The Last Emperor,#392,1987
The Billionaire,#393,2011
New Police Story,#394,2004
Classic Again,#395,2020
I Give My First Love to You,#396,2009
Marry My Dead Body,#397,2022
Gokusen: The Movie,#398,2009
12.12: The Day,#399,2023
Master,#400,2016
This Is Not What I Expected,#401,2017
The Himalayas,#402,2015
Homestay,#403,2018
Tokyo Revengers 2: Bloody Halloween - Destiny,#404,2023
Alienoid 1,#405,2022
Perfect World,#406,2018
Crows Zero,#407,2007
Yakuza and the Family,#408,2021
Drive My Car,#409,2021
Love Life Light,#410,2023
"Let's Go, JETS! From Small Town Girls to U.S. Champions?!",#411,2017
Brother of the Year,#412,2018
Sinkhole,#413,2021
Unlocked,#414,2023
Windstruck,#415,2004
The Witch: Part 2. The Other One,#416,2022
Barcelona: A Love Untold,#417,2016
YOLO,#418,2024
A Sun,#419,2019
Anarchist from Colony,#420,2017
The Age of Shadows,#421,2016
Believer,#422,2018
Ballerina,#423,2023
Suddenly Seventeen,#424,2016
Ashfall,#425,2019
Dead to Rights,#426,2025
Untact,#427,2020
Steel Rain,#428,2017
You Are the Apple of My Eye,#429,2011
Detective Chinatown,#430,2015
Brain Man,#431,2013
Unstoppable,#432,2018
Hello Stranger: The Movie,#433,2021
The Divine Fury,#434,2019
Twenty,#435,2015
ATM: Er Rak Error,#436,2012
Midnight Diner 2,#437,2016
Miracle in Cell No. 7,#438,2019
Spirits' Homecoming,#439,2016
Sound of Silence,#440,2025
A Day,#441,2017
My Heart Puppy,#442,2023
Rental Family,#443,2025
Bleak Night,#444,2011
Yesterday Once More,#445,2016
Sympathy for Lady Vengeance,#446,2005
Seven Sundays,#447,2017
Drunken Master,#448,1978
Collectors,#449,2020
Tokyo Story,#450,1953
Kakegurui the Movie,#451,2019
The Advocate: A Missing Body,#452,2015
Fearless,#453,2006
"Tonight, at Romance Theater",#454,2018
Love Reset,#455,2023
Han Gong Ju,#456,2014
The Bad Guys: Reign of Chaos,#457,2019
"Yoru ga Aketara, Ichiban ni Kimi ni Ai ni Iku",#458,2023
Rob B Hood,#459,2006
Sanjuro,#460,1962
My Rainy Days,#461,2009
Suspect X,#462,2008
Yaksha: Ruthless Operations,#463,2022
Dream,#464,2023
Animal World,#465,2018
See Hear Love: Mienakute mo Kikoenakute mo Aishiteru,#466,2023
The Road Home,#467,1999
War of the Arrows,#468,2011
To My 19-Year-Old,#469,2018
Babo: Miracle of a Giving Fool,#470,2008
City of Life and Death,#471,2009
The Battle: Roar to Victory,#472,2019
Enter the Dragon,#473,1973
Rookies: Graduation,#474,2009
Chocolate,#475,2008
To Live,#476,1994
Colony,#477,2026
SUNNY: Our Hearts Beat Together,#478,2018
The Living Dead,#479,2019
Champion,#480,2018
Daytime Shooting Star,#481,2017
"I, the Executioner",#482,2024
A Little Princess,#483,2019
The Parades,#484,2024
Zero to Hero,#485,2021
Daisy,#486,2006
Library Wars,#487,2013
Bullet Train Explosion,#488,2025
Flat Girls,#489,2025
Door Lock,#490,2018
My Precious,#491,2023
One Week Friends,#492,2017
The Killer: A Girl Who Deserves to Die,#493,2022
Shining for One Thing: The Movie,#494,2023
Restart after Come back Home,#495,2020
Tokyo Revengers 2: Bloody Halloween - Decisive Battle,#496,2023
Happy Together,#497,1997
The Lines that Define Me,#498,2022
Blue Period,#499,2024
It's Okay!,#500,2023
From Me to You,#501,2010
Kill Bok Soon,#502,2023
A Hard Day,#503,2014
Murderer Report,#504,2025
Our Season,#505,2023
Pipeline,#506,2021
Blades of the Guardians,#507,2026
L.O.R.D 1,#508,2016
Memories of the Sword,#509,2015
Commitment,#510,2013
Kakegurui 2: Ultimate Russian Roulette,#511,2021
Ride On,#512,2023
Tokyo Girl,#513,2008
Hard Hit,#514,2021
Welcome to My Side,#515,2024
Ajin: Demi-Human,#516,2017
Love the Way You Are,#517,2019
The Master Plan,#518,2021
1st Kiss,#519,2025
The King,#520,2017
Library Wars: The Last Mission,#521,2015
Hansan: Rising Dragon,#522,2022
Baby Assassins: Nice Days,#523,2024
The Yin Yang Master,#524,2021
My Blue Summer,#525,2022
The Client,#526,2011
#Alive,#527,2020
Time to Hunt,#528,2020
10 Promises to My Dog,#529,2008
My Broken Mariko,#530,2022
Dreams,#531,1990
The Furious,#532,2025
The Travelling Cat Chronicles,#533,2018
The Plan Man,#534,2014
Still Walking,#535,2008
Glove,#536,2011
Postman to Heaven,#537,2009
Deranged,#538,2012
Moments We Shared,#539,2024
Ransomed,#540,2023
The Villainess,#541,2017
One Million Yen Girl,#542,2008
The Pirates,#543,2014
So Long for Love,#544,2023
Teasing Master Takagi-san,#545,2024
My Sassy Girl,#546,2001
"Hello, Brother",#547,2005
Dear Ex,#548,2018
Upstream,#549,2024
Sunflower,#550,2006
Uprising,#551,2024
May 18,#552,2007
Starry Starry Night,#553,2011
Cafe Funiculi Funicula,#554,2018
Godzilla,#555,1954
Fall in Love at First Kiss,#556,2019
One Smile Is Very Alluring,#557,2016
3-Iron,#558,2004
The Wailing,#559,2016
Cells at Work!,#560,2024
One Week Friends,#561,2022
Comrades: Almost a Love Story,#562,1996
Tori Girl,#563,2017
The Palace,#564,2013
Shaolin,#565,2011
Vanguard,#566,2020
Following,#567,2024
Mother,#568,2009
Himizu,#569,2012
Go Away Mr. Tumor!,#570,2015
Broker,#571,2022
The Great Passage,#572,2013
Per Aspera Ad Astra,#573,2026
Battle Royale,#574,2000
Don't Buy the Seller,#575,2023
Phantom Detective,#576,2016
My Blood & Bones in a Flowing Galaxy,#577,2021
Coin Locker Girl,#578,2015
No Mercy,#579,2010
What Did You Eat Yesterday?,#580,2021
Kaizoku Sentai 10 Gokaiger,#581,2021
Montage,#582,2013
Till We Meet Again on the Lily Hill,#583,2023
"Daddy You, Daughter Me",#584,2017
Aftershock,#585,2010
The Hidden Fortress,#586,1958
The Book of Fish,#587,2021
Samjin Company English Class,#588,2020
So Close,#589,2002
Road to High&Low,#590,2016
Punch,#591,2011
Creation of the Gods II: Demon Force,#592,2025
37 Seconds,#593,2019
The Twilight Samurai,#594,2002
The Forbidden Kingdom,#595,2008
Love Can't Be Said,#596,2022
A Long Visit,#597,2010
Pilot,#598,2024
Goukaiger Goseiger Super Sentai: 199 Hero Great Battle,#599,2011
House of Hummingbird,#600,2018
Drunken Master 2,#601,1994
Seoul Vibe,#602,2022
Hitman 2,#603,2025
You Make Me Dance (Movie),#604,2021
Love You to the Stars and Back,#605,2017
Waiting for Spring,#606,2018
Fist of Legend,#607,1994
Once We Were Us,#608,2025
"So Long, See You Tomorrow",#609,2021
Missing,#610,2016
Man in Love,#611,2014
Memoirs of a Murderer,#612,2017
Twilight of the Warriors: Walled In,#613,2024
Dying to Survive,#614,2018
My Love Story!!,#615,2015
Where Your Eyes Linger (Director’s Cut),#616,2023
The Fable: The Killer Who Doesn't Kill,#617,2021
Assassination Classroom: Graduation,#618,2016
My Little Monster,#619,2018
One for the Road,#620,2021
Gantz: Perfect Answer,#621,2011
Love Destiny the Movie,#622,2022
The Confidence Man JP: Princess,#623,2020
Unforgettable Love (Movie),#624,2021
Elegant Lies,#625,2014
Throne of Blood,#626,1957
Grave of the Fireflies,#627,2008
The Match,#628,2025
Badland Hunters,#629,2024
Project Silence,#630,2023
Man Suang,#631,2023
I Miss You,#632,2024
Frozen Hot Boys,#633,2025
Dong Ju: The Portrait of a Poet,#634,2016
The Chronicles of Evil,#635,2015
Conjuring Curse,#636,2023
Good News,#637,2025
The Soul-Mate,#638,2018
Girl in the Sunny Place,#639,2013
Mr. Heart (Movie),#640,2020
We Were There: First Love,#641,2012
Shin Kamen Rider,#642,2023
Legends of the Condor Heroes: The Gallants,#643,2025
"Spring, Summer, Autumn, Winter... and Spring",#644,2003
The Last Recipe,#645,2017
Kamen Rider Heisei Generations FINAL: Build & Ex-Aid with Legend Riders,#646,2017
Intimate Strangers,#647,2018
The Thieves,#648,2012
Start-Up,#649,2019
Prophecy,#650,2015
The Killer,#651,1989
99.9 Criminal Lawyer: The Movie,#652,2021
No Other Choice,#653,2025
You Shine in the Moonlit Night,#654,2019
Mentalese Express,#655,2023
Rampant,#656,2018
Platinum Data,#657,2013
Cart,#658,2014
Her Story,#659,2018
Monster,#660,2014
Voice of Silence,#661,2020
Deliver Us from Evil,#662,2020
You and Me,#663,2011
Cure,#664,1997
Paradise Kiss,#665,2011
Once upon a Time in China,#666,1991
Love Like the Falling Petals,#667,2022
We Were There: True Love,#668,2012
Stand by Me,#669,2018
Alienoid: Return to the Future,#670,2024
CJ7,#671,2008
One Day,#672,2016
A Man,#673,2022
Soul Snatcher,#674,2020
Love and Leashes,#675,2022
One Way Trip,#676,2016
Default,#677,2018
Inside Men: The Original,#678,2015
Eye for an Eye,#679,2022
I Am a Hero,#680,2016
The King’s Case Note,#681,2017
The Confidence Man JP: Romance,#682,2019
Kamen Rider W Forever: A to Z/The Gaia Memories of Fate,#683,2010
"Lust, Caution (Uncut)",#684,2007
The Eight Hundred,#685,2020
The Great Hypnotist,#686,2014
Fortuna's Eye,#687,2019
Everyday I Love You,#688,2015
Hello Stranger,#689,2010
A Beautiful Life,#690,2011
Shutter,#691,2004
Decision to Leave,#692,2022
Dr. Cheon and Lost Talisman,#693,2023
The Bravest,#694,2019
Nagasaki: Memories of My Son,#695,2015
Eat Drink Man Woman,#696,1994
Forbidden Dream,#697,2019
Kikujiro,#698,1999
Golden Kamuy: The Abashiri Prison Raid,#699,2026
Death Note: The Last Name,#700,2006
Fathers,#701,2016
My Bossy Girl,#702,2019
Bento Harassment,#703,2019
Who Am I?,#704,1998
On the Line,#705,2021
Till the End of the World,#706,2018
Always: Sunset on Third Street,#707,2005
The Grand Heist,#708,2012
Operation Chromite,#709,2016
No Worries,#710,2023
A Little Romance,#711,2022
Take Off,#712,2009
The Wandering Earth 2,#713,2023
Number One,#714,2026
Tokyo MER: Mobile Emergency Room - The Movie,#715,2023
Shin Godzilla,#716,2016
Blue Spring,#717,2002
Kamen Rider Heisei Generations FOREVER,#718,2018
I Fine... Thank You... Love You,#719,2014
Split,#720,2016
Big Brother,#721,2018
Color Rush (Movie),#722,2021
A Place Called Silence,#723,2024
Bakuman.,#724,2015
Must Be... Love,#725,2013
Kamikaze Girls,#726,2004
The Prison,#727,2017
The King's Letters,#728,2019
Confession,#729,2022
Ocean Heaven,#730,2010
True Mothers,#731,2020
Homestay,#732,2022
Rookie,#733,2023
Inside Men,#734,2015
I Just Wanna Hug You,#735,2014
Parasyte: Part 2,#736,2015
Evergreen Love,#737,2016
5 Centimeters per Second,#738,2025
Jeon Woo Chi: The Taoist Wizard,#739,2009
Kamen Rider Zero-One: REAL×TIME,#740,2020
Midnight FM,#741,2010
High Heel,#742,2014
Detective K 3: Secret of the Living Dead,#743,2018
Once upon a Time in China 2,#744,1992
Under the Open Sky,#745,2020
Love Exposure,#746,2009
My Perfect Roommate,#747,2022
Parasyte: Part 1,#748,2014
A Day With My Son,#749,2007
"Last Winter, We Parted",#750,2018
Running Man,#751,2013
Gintama,#752,2017
2046,#753,2004
Beautiful Audrey,#754,2024
A Brighter Summer Day,#755,1991
Secrets Happened on the Litchi Island (Movie Version),#756,2025
A Better Tomorrow,#757,1986
The Witness,#758,2018
Hard Boiled,#759,1992
Mission Cross,#760,2024
Coffee or Tea?,#761,2020
Operation Red Sea,#762,2018
My Future You,#763,2024
My Last Love,#764,2017
Kagemusha,#765,1980
The Murder of Snow White,#766,2014
Kita Kita,#767,2017
13 Assassins,#768,2010
New Year Blues,#769,2021
Senior,#770,2015
Love You You,#771,2010
Justice High,#772,2020
Student A,#773,2018
Snowpiercer,#774,2013
Hero,#775,2007
Shall We Dance?,#776,1996
A Story of Yonosuke,#777,2013
Misty Creed,#778,2023
Ikigami: The Ultimate Limit,#779,2008
Call Me Chihiro,#780,2023
Because I Love You,#781,2017
The Chase,#782,2017
Ong Bak,#783,2003
My Wife Got Fat,#784,2020
You & Me & Me,#785,2023
Calling You,#786,2007
Kamen Rider Drive Saga: Kamen Rider Chaser,#787,2016
ST Aka to Shiro no Sousa File The Movie,#788,2015
Reign of Assassins,#789,2010
Microhabitat,#790,2018
Police Story,#791,1985
Time Raiders,#792,2016
Beautiful Accident,#793,2017
Gantz,#794,2011
Missing You,#795,2016
Blue Birthday: The Movie,#796,2022
Over Again,#797,2019
Seven Days: Friday - Sunday,#798,2015
Best Friend,#799,2020
The Fatal Encounter,#800,2014
Baby Assassins 2,#801,2023
Kasane,#802,2018
Detective K 2: Secret of the Lost Island,#803,2015
11th Mom,#804,2007
Tazza 3: One-Eyed Jacks,#805,2019
Sympathy for Mr. Vengeance,#806,2002
A Millionaire's First Love,#807,2006
SPEC: Heaven,#808,2012
Eye for an Eye 2,#809,2024
Mixed Doubles,#810,2017
Inuyashiki,#811,2018
The World of Us,#812,2016
Firefighters,#813,2024
Go,#814,2001
Dear Tenant,#815,2020
Behind the Blue Eyes,#816,2023
Death Note,#817,2006
Hana-Bi,#818,1997
Money,#819,2019
Butterfly Sleep,#820,2017
Night Flight,#821,2014
Concrete Utopia,#822,2023
Honest Candidate,#823,2020
Uranus2324,#824,2024
Ip Man: The Legend Is Born,#825,2010
SORI: Voice From the Heart,#826,2016
Finding Mr. Right,#827,2013
Lady Snowblood,#828,1973
Dark Figure of Crime,#829,2018
"The Good, the Bad, the Weird",#830,2008
The Tiger,#831,2015
Lost and Love,#832,2015
Like for Likes,#833,2016
Dear Friends,#834,2007
"He Won't Kill, She Won't Die",#835,2019
Brotherhood of Blades 2,#836,2017
Children...,#837,2011
A Bride for Rip Van Winkle,#838,2016
Death Whisperer 2,#839,2024
Shadow,#840,2018
Confession,#841,2014
Phantom,#842,2023
Hot Road,#843,2014
Somewhere Only We Know,#844,2015
Friends Never Die,#845,2012
The Man Standing Next,#846,2020
Pretty Crazy,#847,2025
Painted Skin: The Resurrection,#848,2012
The Wandering Earth,#849,2019
Chronicle of a Blood Merchant,#850,2015
KUNDO: Age of the Rampant,#851,2014
Little DJ,#852,2007
One in a Hundred Thousand,#853,2020
The King and the Clown,#854,2005
"KALEL, 15",#855,2019
How to Steal a Dog,#856,2014
Hot Young Bloods,#857,2014
Lost and Found,#858,1996
Yadang: The Snitch,#859,2025
No Breathing,#860,2013
The Magician,#861,2015
The Brightest Roof in the Universe,#862,2020
The Monkey King 3,#863,2018
A Man Who Was Superman,#864,2008
Humint,#865,2026
Karate Kid: Legends,#866,2025
L♥DK: Two Loves Under One Roof,#867,2019
An Elephant Sitting Still,#868,2018
Pee Nak 3,#869,2022
Broken,#870,2014
Café. Waiting. Love.,#871,2014
Kamen Rider × Kamen Rider Fourze & OOO: Movie War Mega Max,#872,2011
Egoist,#873,2022
The Boy Foretold by the Stars,#874,2020
Heart Attack,#875,2015
Love Buzz,#876,2019
Moonlit Winter,#877,2019
Baby & I,#878,2008
Homme Fatale,#879,2019
Snow Flower,#880,2019
Helter Skelter,#881,2012
Yurigokoro,#882,2017
Assassination Classroom,#883,2015
Always Be My Maybe,#884,2016
City ​​Hunter,#885,2024
The Fable,#886,2019
Ai Uta: My Promise to Nakuhito,#887,2019
Breathless,#888,2009
Armour of God 3: Chinese Zodiac,#889,2012
Mr. Zoo: The Missing VIP,#890,2020
The Face Reader,#891,2013
"Merry Christmas, Mr. Lawrence",#892,1983
Hit-and-Run Squad,#893,2019
Believer: Extended Cut,#894,2018
Silhouette of Your Voice,#895,2017
A Dramatic Night,#896,2015
March Goes Out Like a Lamb,#897,2017
(Haru),#898,1996
The Foreigner,#899,2017
Way of the Dragon,#900,1972
Chul Soo,#901,2021
Princess Jellyfish,#902,2014
Bleach,#903,2018
The Cursed: Dead Man's Prey,#904,2021
Kingmaker,#905,2022
The Myth,#906,2005
The Last Ride,#907,2016
Master Z: The Ip Man Legacy,#908,2018
The End of Endless Love,#909,2020
Unintentional Love Story Special,#910,2023
Tootsies and the Fake,#911,2019
Armour of God 2: Operation Condor,#912,1991
Seven Days: Monday - Thursday,#913,2015
Snake in the Eagle's Shadow,#914,1978
"Summer, Bus",#915,2017
The Princess and the Matchmaker,#916,2018
Happy Merry Ending (Movie),#917,2023
Time Traveller,#918,2010
Woman in the Dunes,#919,1964
My SO Has Got Depression,#920,2011
Smugglers,#921,2023
A Resistance,#922,2019
OMG! Oh My Girl,#923,2022
The Vanished,#924,2018
Namiya,#925,2017
Last Letter,#926,2020
Just the Way You Are,#927,2015
The Divine Move,#928,2014
Baby Assassins,#929,2021
Happy Old Year,#930,2019
A Midsummer's Equation,#931,2013
One Day,#932,2017
V.I.P.,#933,2017
Once in a Summer,#934,2006
Destiny: The Tale of Kamakura,#935,2017
The Host,#936,2006
All the Long Nights,#937,2024
After Life,#938,1998
Kaizoku Sentai Goukaiger vs. Space Sheriff Gavan: The Movie,#939,2012
Detective Dee: The Four Heavenly Kings,#940,2018
Journey to the West: Conquering the Demons,#941,2013
Fong Sai Yuk,#942,1993
Fullmetal Alchemist 3: Final Transmutation,#943,2022
"Don't Cry, Mommy",#944,2012
The Library,#945,2013
No Longer Heroine,#946,2015
Shin Ultraman,#947,2022
Blue Spring Ride,#948,2014
Iron Monkey 1,#949,1993
"And Yet, You Are So Sweet",#950,2023
The Target,#951,2014
Masquerade Hotel,#952,2019
Sad Movie,#953,2005
Kisarazu Cats Eye: Nihon Series,#954,2003
20th Century Boys 3: Redemption,#955,2009
Left-Handed Girl,#956,2025
Hibiki,#957,2018
Never Said Goodbye,#958,2016
The Gifted,#959,2015
ReLIFE,#960,2017
Tada's Do-It-All House,#961,2011
Baseball Girl,#962,2020
Wu Kong,#963,2017
The Name,#964,2020
Little Big Soldier,#965,2010
Tai-Chi Master,#966,1993
Girls Step,#967,2015
Railroad Tigers,#968,2016
Fullmetal Alchemist 2: Revenge Scar,#969,2022
After Sundown: Uncut,#970,2024
Pee Nak 4,#971,2024
Young Detective Dee: Rise of the Sea Dragon,#972,2013
Beasts Clawing at Straws,#973,2020
Ordinary People,#974,2018
Perfect Game,#975,2011
The Five,#976,2013
God of Gamblers,#977,1989
Novoland: The Castle in the Sky - Time Reversal,#978,2020
Final Recipe,#979,2013
Kisarazu Cat's Eye: World Series,#980,2006
A Wedding Invitation,#981,2013
A Bittersweet Life,#982,2005
"The Pig, the Snake and the Pigeon",#983,2023
Crossing,#984,2008
Not Quite Dead Yet,#985,2020
Long Live the King: Mokpo Hero,#986,2019
Next Sohee,#987,2022
Lost in Starlight,#988,2025
Double World,#989,2020
Poetry,#990,2010
God of Gamblers 2,#991,1990
My Girl,#992,2003
Seoul Searching,#993,2016
The Ugly,#994,2025
The Priests,#995,2015
Voice of a Murderer,#996,2007
Sonatine,#997,1993
Death Whisperer,#998,2023
Love Is Color Blind,#999,2021
Cyborg She,#1000,2008
The Phone,#1001,2015
Love Punch!,#1002,2026
A Barefoot Dream,#1003,2010
The Point Men,#1004,2023
Rough Cut,#1005,2008
No Mercy,#1006,2019
Horimiya,#1007,2021
Don't Forget Me,#1008,2016
A Company Man,#1009,2012
Snow Is on the Sea,#1010,2015
The Invisible Guest,#1011,2023
Tada's Do-It-All House: Disconcerto,#1012,2014
Kamen Rider Build the Movie: Be the One,#1013,2018
The Righteous Thief,#1014,2009
DTC: Yukemuri Junjo Hen from High&Low,#1015,2018
Curse of the Golden Flower,#1016,2006
"1 in 10,000 (Act III)",#1017,2018
Perfect Number,#1018,2012
The Legend of the Demon Cat,#1019,2017
A Writer's Odyssey,#1020,2021
Flirting Scholar 1,#1021,1993
Wu Xia,#1022,2011
I Am What I Am,#1023,2022
Warriors of the Dawn,#1024,2017
Tazza 1: The High Rollers,#1025,2006
The Movie: Final Fantasy XIV Hikari no Otousan,#1026,2019
My Brother,#1027,2004
20th Century Boys 1: Beginning of the End,#1028,2008
Bedevilled,#1029,2010
A Boy and Sungreen,#1030,2019
A Man and a Woman,#1031,2016
Shiki-jitsu,#1032,2000
Kamen Rider W Returns: Kamen Rider Accel,#1033,2011
Pain,#1034,2011
Fist of Fury,#1035,1972
Beyond the Memories,#1036,2013
The Great War of Archimedes,#1037,2019
First Love,#1038,2021
Silmido,#1039,2003
Bride for Rent,#1040,2014
The Rescue,#1041,2020
It's a Summer Film,#1042,2021
Tokuso Sentai Dekaranger: 10 Years After,#1043,2015
Oh! My Gran,#1044,2020
Wandering,#1045,2022
Always: Sunset on Third Street 2,#1046,2007
Fight Back to School 1,#1047,1991
Trillion Game the Movie,#1048,2025
My Beloved Stranger,#1049,2025
Metamorphosis,#1050,2019
Detective K: Secret of Virtuous Widow,#1051,2011
Dead Talents Society,#1052,2024
Love You to Debt,#1053,2024
Step for You,#1054,2018
Man of Men,#1055,2019
Long Live Love,#1056,2023
Nothing Serious,#1057,2021
Love and Honor,#1058,2006
Rumble in the Bronx,#1059,1995
Inhuman Kiss,#1060,2019
Incantation,#1061,2022
"Love Me, Love Me Not",#1062,2020
Tampopo,#1063,1985
Gonjiam: Haunted Asylum,#1064,2018
The Berlin File,#1065,2013
Low Season,#1066,2020
Hoon Payon,#1067,2023
The Blue Flame,#1068,2003
I Love You as a Man: Part 2,#1069,2015
Kwaidan,#1070,1964
Ai Long Nhai: The Endless Love,#1071,2023
I Remember,#1072,2020
A Tale of Two Sisters,#1073,2003
Spiritwalker,#1074,2021
Mr. Pride vs. Miss Prejudice,#1075,2017
Good Morning,#1076,1959
The Kodai Family,#1077,2016
The Fortress,#1078,2017
Catch Me,#1079,2013
Gift,#1080,2019
Twin Dragons,#1081,1992
Police Story 3: Super Cop,#1082,1992
L: Change the World,#1083,2008
The Door into Summer,#1084,2021
The Confidence Man JP: Episode of the Hero,#1085,2022
Nazotoki wa Dinner no Ato de: Movie,#1086,2013
The Closet,#1087,2020
Cook Up a Storm,#1088,2017
Do You Love Me as I Love You,#1089,2020
Stay with Me,#1090,2022
Peninsula,#1091,2020
Nameless Gangster: Rules of Time,#1092,2012
20th Century Boys 2: The Last Hope,#1093,2009
The Crimes That Bind,#1094,2018
Hero,#1095,2015
Reset,#1096,2017
"The Foreign Duck, the Native Duck and God in a Coin Locker",#1097,2007
Cats Don't Come When You Call,#1098,2016
The Last Dance,#1099,2024
Infernal Affairs 2,#1100,2003
You Are the Apple of My Eye,#1101,2024
The Black Devil and the White Prince,#1102,2016
I,#1103,2021
Friends Games: The Movie Final,#1104,2017
Hunt,#1105,2022
Familyhood,#1106,2016
Until I Meet September's Love,#1107,2019
My Ex and Whys,#1108,2017
18th Rose,#1109,2026
Present Still Perfect,#1110,2020
My Dearest Assassin,#1111,2026
12 Suicidal Teens,#1112,2019
Herb,#1113,2007
I Love You as a Man,#1114,2014
The Dark Maidens,#1115,2017
Kaiji,#1116,2009
FengShui,#1117,2018
Secret Zoo,#1118,2020
The World of Love,#1119,2025
Duckweed,#1120,2017
Teen Bride,#1121,2017
Ten Years of Loving You,#1122,2022
Mega Monster Battle: Ultra Galaxy Legends,#1123,2009
Project A 1,#1124,1983
Oto-na-ri,#1125,2009
Aki wa Haru to Gohan wo Tabetai 2 Haime!,#1126,2024
The Spy: Undercover Operation,#1127,2013
The Eye of the Dragon Princess,#1128,2020
River,#1129,2023
One More Chance,#1130,2007
In Between Seasons,#1131,2018
Oshin,#1132,2013
The 36th Chamber of Shaolin,#1133,1978
Police Story 2,#1134,1988
Friends Games: The Movie,#1135,2017
Hope,#1136,2020
Diary of an Ugly: The Movie,#1137,2014
Tokyo Ghoul,#1138,2017
As the Gods Will,#1139,2014
Jade Dynasty,#1140,2019
I Wish,#1141,2011
"My Little Baby, Jaya",#1142,2017
Make Me Shudder,#1143,2013
Steel Rain 2: Summit,#1144,2020
Tom Yum Goong,#1145,2005
Wheels on Meals,#1146,1984
My Little Bride,#1147,2004
Jo Pil Ho: The Dawning Rage,#1148,2019
Innocent Steps,#1149,2005
Beyond the Infinite Two Minutes,#1150,2020
Bori,#1151,2020
Please Don’t Save Me,#1152,2020
March Comes in Like a Lion,#1153,2017
The Bros,#1154,2017
Runway Cop,#1155,2012
Hunger,#1156,2023
Jesters: The Game Changers,#1157,2019
Saving General Yang,#1158,2013
A Boy and His Samurai,#1159,2010
Full River Red,#1160,2023
The Old Woman with the Knife,#1161,2025
TRICK: The Movie,#1162,2002
My Little Brother,#1163,2017
How Long Will I Love U,#1164,2018
Casa Amor: Exclusive for Ladies,#1165,2015
That Thing Called Tadhana,#1166,2015
Wolf Warriors 2,#1167,2017
The Truth Beneath,#1168,2016
The New Employee (Movie),#1169,2023
Even If,#1170,2022
The Stolen Years,#1171,2013
Beyond the Dream,#1172,2019
The Four 3,#1173,2014
Hansel and Gretel,#1174,2007
Bangkok Traffic Love Story,#1175,2009
Waterboys,#1176,2001
Ultraman Zero: The Revenge of Belial,#1177,2010
Closer to Heaven,#1178,2009
Perfect Proposal,#1179,2015
The Yellow Sea,#1180,2010
My Boo,#1181,2024
Dollhouse,#1182,2025
Kamome Diner,#1183,2006
Once upon a Time in China 3,#1184,1993
The Third Way of Love,#1185,2015
Big Match,#1186,2014
Kids Return,#1187,1996
"You're Not Normal, Either!",#1188,2021
The Dream Songs,#1189,2022
Catman,#1190,2021
Armour of God 1,#1191,1987
Rent-a-Cat,#1192,2012
The Great Wall,#1193,2016
The Most Ordinary Romance,#1194,2019
Ressha Sentai ToQger Returns: Super ToQ 7gou of Dreams,#1195,2015
Tiny Times 2,#1196,2013
Key of Life,#1197,2012
The Four,#1198,2012
Babanbabanban Vampire,#1199,2025
Ashita no Joe,#1200,2011
House of the Disappeared,#1201,2017
Heart Blackened,#1202,2017
The Monkey King 2,#1203,2016
Kamen Rider Saber ＋ Kikai Sentai Zenkaiger: Superhero Senki,#1204,2021
Bread of Happiness,#1205,2012
Devils,#1206,2023
No Tears for the Dead,#1207,2014
Honey Money Phony,#1208,2024
Waiting for Rain,#1209,2021
Killer Toon,#1210,2013
Dew the Movie,#1211,2019
Kung Fu Boys,#1212,2016
Last Present,#1213,2008
A Scene at the Sea,#1214,1991
Space Brothers,#1215,2012
Mask Ward,#1216,2020
Zatoichi,#1217,2003
Days of Being Wild,#1218,1990
Cloudy Mountain,#1219,2021
Asakusa Kid,#1220,2021
"Help, I Accidentally Stole My Shixiong's Crush!",#1221,2021
"Kamen Rider Fourze the Movie: Space, Here We Come!",#1222,2012
I Belonged to You,#1223,2016
Josee,#1224,2020
Rage,#1225,2016
Proof of Innocence,#1226,2016
A Chinese Ghost Story 1,#1227,1987
Hide and Seek,#1228,2013
Analog,#1229,2023
Rise of the Legend,#1230,2014
The Medium,#1231,2021
God of Cookery,#1232,1996
Saraba Kamen Rider Den-O: Final Countdown,#1233,2008
Noryang: Deadly Sea,#1234,2023
Cheer Boys!!,#1235,2019
Every Day a Good Day,#1236,2018
This Time,#1237,2016
Anime Supremacy!,#1238,2022
Watching,#1239,2019
"Fly, Daddy, Fly",#1240,2006
Bounty Hunters,#1241,2016
My Small Land,#1242,2022
Usogui,#1243,2022
Father of the Milky Way Railroad,#1244,2023
"Sono Koi, Jihanki de Kaemasu ka?",#1245,2023
Brotherhood of Blades,#1246,2014
"Let's Eat Together, Aki and Haru",#1247,2023
Enoshima Prism,#1248,2013
Boss,#1249,2025
Slow Video,#1250,2014
Love Mate (Movie),#1251,2023
A Way Station,#1252,2021
Honey,#1253,2018
Gentleman,#1254,2022
The Net,#1255,2016
Our Meal for Tomorrow,#1256,2017
Bikeman,#1257,2018
Everything About Her,#1258,2016
Four Sisters Before the Wedding,#1259,2020
Insomniacs After School,#1260,2023
Hanson and the Beast,#1261,2017
Kamen Rider Heisei Generations: Dr. Pac-Man vs. Ex-Aid & Ghost with Legend Rider,#1262,2016
Funeral Parade of Roses,#1263,1969
The Promised Neverland,#1264,2020
Oshi no Ko: The Final Act,#1265,2024
Pluto,#1266,2013
Intruder,#1267,2020
Fall in Love Like a Star,#1268,2015
The Anthem of the Heart,#1269,2017
Ossan’s Love: LOVE or DEAD,#1270,2019
PiCNiC,#1271,1996
Bring Me Home,#1272,2019
An Inconvenient Love,#1273,2022
My Teacher,#1274,2017
The Novelist: Playback,#1275,2021
I Am the King,#1276,2012
Tough as Iron,#1277,2013
Successor,#1278,2024
The Hidden Blade,#1279,2004
Kamen Rider Saber: Trio of Deep Sin,#1280,2022
Never Not Love You,#1281,2018
Mumon: The Land of Stealth,#1282,2017
Blind Witness,#1283,2019
The Land of Rain Trees,#1284,2015
The Four 2,#1285,2013
Mr. Hurt,#1286,2017
Duelist,#1287,2005
Solomon's Perjury II: Judgement,#1288,2015
Monstrum,#1289,2018
Survive Style 5+,#1290,2004
The Hidden Fox,#1291,2022
I Am the Secret in Your Heart,#1292,2024
Kaguya-sama: Love Is War Final,#1293,2021
Mondays,#1294,2022
Temptation of Wolves,#1295,2004
Hostage: Missing Celebrity,#1296,2021
Somewhere Winter,#1297,2019
Ring,#1298,1998
The Neighbors,#1299,2012
Make Me Shudder 2,#1300,2014
My Girlfriend is an Agent,#1301,2009
Detective Chinatown 1900,#1302,2025
Ip Man: The Final Fight,#1303,2013
Kamen Rider: Reiwa the First Generation,#1304,2019
Kamen Rider Drive: Surprise Future,#1305,2015
Initiation Love,#1306,2015
Who'll Stop the Rain,#1307,2023
One Line,#1308,2017
The Longest Night in Shanghai,#1309,2007
Samurai Sentai Shinkenger vs. Go-Onger: GinmakuBang!!,#1310,2010
Crybaby Pierrot's Wedding,#1311,2016
The Legend & Butterfly,#1312,2023
Garo and the Wailing Dragon,#1313,2013
A Moment of Romance,#1314,1990
The Medallion,#1315,2003
Joker Game,#1316,2015
Stellar: A Magical Ride,#1317,2022
The Divine Move 2: The Wrathful,#1318,2019
Girls Love 1,#1319,2016
Yowamushi Pedal: Up the Road,#1320,2020
Last Mile,#1321,2024
Mr. Perfect,#1322,2014
Youth,#1323,2017
Golden Slumber,#1324,2018
Blade of the Immortal,#1325,2017
Method,#1326,2017
Until the Break of Dawn,#1327,2012
8Uppers,#1328,2010
Rainbow Days,#1329,2018
Sakuran,#1330,2007
Over Drive,#1331,2018
Exit 8,#1332,2025
700 Days of Battle: Us vs. the Police,#1333,2008
Gorgeous,#1334,1999
Museum,#1335,2016
Sweet Rain: Accuracy of Death,#1336,2008
Kamen Rider Den-O: I'm Born!,#1337,2007
404 Run Run,#1338,2024
Black Butler,#1339,2014
Waiting in the Dark,#1340,2006
Ghost Book,#1341,2022
Hell Dogs,#1342,2022
Toxic,#1343,2022
Kamen Rider Gavv: Invaders of the House of Snacks,#1344,2025
Made on the Rooftop,#1345,2021
Enemies In-Law,#1346,2015
Signal: The Movie – Cold Case Investigation Unit,#1347,2021
Drive,#1348,2023
Ace Attorney,#1349,2012
You Are My Sunshine,#1350,2015
Date,#1351,2021
The Tasty Florida (Movie),#1352,2021
Lupin III,#1353,2014
Breaking and Re-Entering,#1354,2024
Closed Ward,#1355,2019
A Girl at My Door,#1356,2014
Hua Mulan,#1357,2020
Rerun,#1358,2023
Police Story 4: First Strike,#1359,1996
Masquerade Night,#1360,2021
Guns and Talks,#1361,2001
We Are Brothers,#1362,2014
Room No. 7,#1363,2017
The Girl's Ghost Story,#1364,2014
Soar into the Sun,#1365,2012
Painted Skin,#1366,2008
A Chinese Odyssey 2: Cinderella,#1367,1995
L♥DK,#1368,2014
Theatre: A Love Story,#1369,2020
Villain,#1370,2010
Kishiryu Sentai Ryusoulger vs Lupinranger vs Patranger,#1371,2020
Race to Freedom: Um Bok Dong,#1372,2019
Love Me Not,#1373,2006
Mr. Nice Guy,#1374,1997
Connected,#1375,2008
Rewind,#1376,2023
Count,#1377,2023
A Dirty Carnival,#1378,2006
Tokumei Sentai Go-Busters vs. Kaizoku Sentai Goukaiger: The Movie,#1379,2013
"Humanoid Monster, Bem",#1380,2012
Hula Girls,#1381,2006
Close Range Love,#1382,2014
The Lost Lotteries,#1383,2022
Samurai Sentai Shinkenger Returns: Special Act,#1384,2010
"Crouching Tiger, Hidden Dragon: Sword of Destiny",#1385,2016
American Girl,#1386,2021
Sweet & Sour,#1387,2021
A Brand New Life,#1388,2009
Happyend,#1389,2024
Kids,#1390,2008
Deep,#1391,2021
The Day I Died: Unclosed Case,#1392,2020
The Left Ear,#1393,2015
Bleeding Steel,#1394,2017
Harbin,#1395,2024
Liar Game: Reborn,#1396,2012
366 Days,#1397,2025
Enormous Legendary Fish,#1398,2020
The Mystic Nine: Qing Shan Hai Tang,#1399,2022
Infernal Affairs 3,#1400,2003
Kisaragi,#1401,2007
Legend of the Naga Pearls,#1402,2017
The Star Next Door,#1403,2017
Royal Tramp,#1404,1992
Re/Member,#1405,2022
Fists of Legend,#1406,2013
Quick,#1407,2011
Fong Sai Yuk 2,#1408,1993
The Post-Truth World,#1409,2022
TRICK The Movie: Psychic Battle Royale,#1410,2010
Sleep,#1411,2023
The Warlords,#1412,2007
The Outsiders,#1413,2018
Hara-Kiri: Death of a Samurai,#1414,2011
"OOO, Den-O, All Riders: Let's Go Kamen Riders",#1415,2011
"Crying Out Love, in the Center of the World",#1416,2004
Liar x Liar,#1417,2021
My Wife Is a Gangster 3,#1418,2006
A Very Special Love,#1419,2008
The Clue,#1420,2009
Fight Back to School 2,#1421,1992
The Devotion of Suspect X,#1422,2017
Awaiting,#1423,2014
The Policeman's Lineage,#1424,2022
Kamen Rider 555: Paradise Lost,#1425,2003
Lucid Dream,#1426,2017
My Father Is a Hero,#1427,1995
Mischievous Kiss The Movie: The Proposal,#1428,2017
Onmyoji 0,#1429,2024
Almost Love,#1430,2022
TRICK: The Movie 2,#1431,2006
Diner,#1432,2019
Dog x Police: The K-9 Force,#1433,2011
The Soul,#1434,2021
Forget Me Not,#1435,2015
Skiptrace,#1436,2016
"No Heaven, but Love.",#1437,2023
Train Man: Densha Otoko,#1438,2005
Maborosi,#1439,1995
The Classified File,#1440,2015
Shinobi,#1441,2005
Peppermint Candy,#1442,2000
Solomon's Perjury I: Suspicion,#1443,2015
The Wings of the Kirin,#1444,2012
Fukushima 50,#1445,2020
House,#1446,1977
Twilight Gangsters,#1447,2010
Hidden Strike,#1448,2023
My Girl and I,#1449,2005
The Quiet Family,#1450,1998
Golden Slumber,#1451,2010
Dolls,#1452,2002
Jinx!!!,#1453,2013
Death Note: Light up the New World,#1454,2016
Honest Candidate 2,#1455,2022
Kamen Rider Build NEW WORLD: Kamen Rider Grease,#1456,2019
Detention,#1457,2019
Pieta,#1458,2012
More Than Family,#1459,2020
Burning,#1460,2018
Bad Boys J the Movie: Saigo ni Mamoru Mono,#1461,2013
Asura: The City of Madness,#1462,2016
The Taste of Tea,#1463,2004
Home for Rent,#1464,2023
Noroi: The Curse,#1465,2005
Ghost Lab,#1466,2021
Ramen Shop,#1467,2018
A Normal Family,#1468,2023
The Hound of the Baskervilles: Sherlock the Movie,#1469,2022
Baka's Identity,#1470,2025
Tang and Me,#1471,2022
Kung Fu Yoga,#1472,2017
Make Me Shudder 3,#1473,2015
Love's Stoppage Time,#1474,2019
Honey Sweet,#1475,2023
Bear Man,#1476,2023
A Single Rider,#1477,2017
Nisekoi: False Love,#1478,2018
Take Me to the Moon,#1479,2017
The Grandmaster,#1480,2013
Kaiji 2,#1481,2011
SPEC: Close - Incarnation,#1482,2013
Love,#1483,2012
Love for Beginners,#1484,2012
Erased,#1485,2016
Too Beautiful to Lie,#1486,2004
Detective Dee and the Mystery of the Phantom Flame,#1487,2010
Ferryman: Manjusaka,#1488,2018
Light,#1489,2021
Mieruko-chan,#1490,2025
Minamahal,#1491,2025
Blood and Ties,#1492,2013
Rohan au Louvre,#1493,2023
The Debt Collector,#1494,2026
TRICK the Movie: Last Stage,#1495,2014
Fireworks from the Heart,#1496,2010
Dangerous Liaisons,#1497,2012
My Missing Valentine,#1498,2020
Ugetsu Monogatari,#1499,1953
Congrats My Ex!,#1500,2023
Project Gutenberg,#1501,2018
The House of Us,#1502,2019
The World of Silence,#1503,2006
Insane,#1504,2016
Lovesick Ellie,#1505,2024
The Sorcerer and the White Snake,#1506,2011
After the Rain,#1507,2018
The Girl on a Bulldozer,#1508,2021
"1 in 10,000 (Act II)",#1509,2018
Snow Flower and the Secret Fan,#1510,2011
The Night beyond the Tricornered Window,#1511,2021
Take Point,#1512,2018
Grand Blue Dreaming,#1513,2020
Fly Me to Polaris,#1514,1999
Mother,#1515,2020
Single in Seoul,#1516,2023
Ghost Killer,#1517,2025
Late Spring,#1518,1949
Mischievous Kiss the Movie 2: Campus,#1519,2017
Stella Next to Me,#1520,2025
Vince & Kath & James,#1521,2016
Genome Hazard,#1522,2014
"Spring, Again",#1523,2019
Mr. Long,#1524,2017
The Meg,#1525,2018
Starting Over Again,#1526,2014
Eye of the Storm,#1527,2023
The Blue Skies at Your Feet,#1528,2022
"Hello, Love, Again",#1529,2024
Kaguya-sama: Love Is War,#1530,2019
She's on Duty,#1531,2005
A Tale of Samurai Cooking - A True Love Story,#1532,2013
Hopeless,#1533,2023
After the Storm,#1534,2016
The Battle at Lake Changjin,#1535,2021
Tensou Sentai Goseiger vs. Shinkenger: Epic on Ginmaku,#1536,2011
Mojin: The Lost Legend,#1537,2015
Summer Time Machine Blues,#1538,2005
"1 in 10,000 (Act I)",#1539,2018
Out,#1540,2023
Project A 2,#1541,1987
All about My Wife,#1542,2012
The Crossing,#1543,2014
A Banana? At This Time of Night?,#1544,2018
Unreachable,#1545,2025
Kamen Rider × Super Sentai: Super Hero Taisen,#1546,2012
The Piper,#1547,2015
Kung Fu Jungle,#1548,2014
Avataro Sentai Donbrothers the Movie: New First Love Hero,#1549,2022
In the Wake,#1550,2021
The Case of Itaewon Homicide,#1551,2009
A Chinese Odyssey: Pandora's Box,#1552,1995
The Banquet,#1553,2006
First Love,#1554,2019
Motherhood,#1555,2022
Godzilla vs. Destoroyah,#1556,1995
Brave: Gunjo Senki,#1557,2021
Seven Days,#1558,2007
"When I Get Home, My Wife Always Pretends to Be Dead",#1559,2018
Tokyo Ghoul S,#1560,2019
Seducing Mr. Perfect,#1561,2006
...ing,#1562,2003
God of Gamblers 3: Back to Shanghai,#1563,1991
Yes or No,#1564,2010
The Way of the Househusband: The Movie,#1565,2022
The Accidental Spy,#1566,2001
The Gifted,#1567,2014
Onmyoji,#1568,2001
Perfect Two,#1569,2012
Friend,#1570,2001
Moon Child,#1571,2003
The Little House,#1572,2014
"Say ""I Love You""",#1573,2014
Wife of a Spy,#1574,2020
Sensei Kunshu,#1575,2018
Kamen Rider Genm vs Lazer,#1576,2018
My Tutor Friend,#1577,2003
Death Whisperer 3,#1578,2025
You Are the Apple of My Eye,#1579,2018
Dragon Blade,#1580,2015
Derailed,#1581,2016
The Bodyguard from Beijing,#1582,1994
The Silenced,#1583,2015
Kamen Rider x Kamen Rider Wizard & Fourze Movie Taisen Ultimatum,#1584,2012
52 Hertz no Kujiratachi,#1585,2024
Eclipse,#1586,2016
What to Say,#1587,2023
The Crossing  2,#1588,2015
Shock Wave,#1589,2017
So Young 2: So You're Still Here,#1590,2016
After My Death,#1591,2017
Let Me Hear It Barefoot,#1592,2021
"Godzilla, Mothra, & King Ghidorah: Giant Monsters All-Out Attack",#1593,2001
Christmas in August,#1594,1998
Murder at Shijinsou,#1595,2019
Jigoku-no-Hanazono: Office Royale,#1596,2021
Illang: The Wolf Brigade,#1597,2018
Strawberry Night,#1598,2013
Must Date the Playboy,#1599,2015
Bling Bling Sounds,#1600,2018
Virgin Snow,#1601,2007
Eternal Love,#1602,2019
Hanamizuki,#1603,2010
Once upon a Time,#1604,2017
Two Weddings and a Funeral,#1605,2012
Mantis,#1606,2025
"Kamen Rider Zi-O NEXT TIME: Geiz, Majesty",#1607,2020
Never Forever,#1608,2007
Wheel of Fortune and Fantasy,#1609,2021
Private Eye,#1610,2009
Ichi,#1611,2008
Save the Green Planet!,#1612,2003
Ordinary Person,#1613,2017
We Are Gamily,#1614,2017
One Night Surprise,#1615,2013
Traces of Sin,#1616,2017
Asahinagu,#1617,2017
Hirugao,#1618,2017
Eternal Summer,#1619,2006
A Man of Reason,#1620,2023
Tidal Wave,#1621,2009
At Cafe 6,#1622,2016
Lover's Concerto,#1623,2002
Barbie,#1624,2012
The Lies She Loved,#1625,2018
Flash Point,#1626,2007
ATARU the First Love & the Last Kill,#1627,2013
Pornographer: Continued Spring Life,#1628,2021
Godzilla X Mechagodzilla,#1629,2002
The Woman in the White Car,#1630,2022
Tai Chi Hero,#1631,2012
Man on the Edge,#1632,2013
Oasis,#1633,2002
Antique Bakery,#1634,2008
Legend of the Fist: The Return of Chen Zhen,#1635,2010
Ultraman Geed the Movie: I'll Connect the Wishes!!,#1636,2018
Show Me the Ghost,#1637,2021
Pee Nak 2,#1638,2020
Close to Love,#1639,2022
Dragons Forever,#1640,1988
Wedding,#1641,2017
A Simple Life,#1642,2011
My Best Friend's Breakfast,#1643,2022
Rainbow Eyes,#1644,2007
Penny Pinchers,#1645,2011
Black and  White Episode 2: The Dawn of Justice,#1646,2014
The Phone of the Wind,#1647,2020
Kamen Rider × Kamen Rider W & Decade: Movie War 2010,#1648,2009
Why Don't You Play In Hell?,#1649,2013
Diva,#1650,2020
Godzilla: Final Wars,#1651,2004
Phobia 2,#1652,2009
Tiny Times 4,#1653,2015
But Always,#1654,2014
A Better Tomorrow,#1655,2010
What She Likes,#1656,2021
Balzac and the Little Chinese Seamstress,#1657,2002
Shock Wave 2,#1658,2020
Helpless,#1659,2012
Finally Found Someone,#1660,2017
Blue Gate Crossing,#1661,2002
Ping Pong,#1662,2002
The Big Boss,#1663,1971
Adrift in Tokyo,#1664,2007
Perhaps Love,#1665,2021
Silent Parade,#1666,2022
Super Express,#1667,2016
The Woodsman and the Rain,#1668,2011
Journey to the West 2: The Demons Strike Back,#1669,2017
Lupinranger VS Patranger VS Kyuranger,#1670,2019
Fast and Feel Love,#1671,2022
Project Wolf Hunting,#1672,2022
Finding Mr. Destiny,#1673,2010
From Beijing with Love,#1674,1994
My Punch-Drunk Boxer,#1675,2019
Shiritsu Bakaleya Koukou: The Movie,#1676,2012
Dad for Rent,#1677,2014
Lesson in Murder,#1678,2022
"Turn Left, Turn Right",#1679,2003
Mischievous Kiss the Movie: High School,#1680,2016
Same Day with Someone,#1681,2025
Aloners,#1682,2021
Kamen Rider Geats: Jyamato Awaking,#1683,2024
The Shaolin Temple,#1684,1982
Part-Time Spy,#1685,2017
Bluebeard,#1686,2017
Cobweb,#1687,2023
Tokumei Sentai Go-Busters Returns vs. Dobutsu Sentai Go-Busters,#1688,2013
Little Big Women,#1689,2020
Nuts,#1690,2018
Alone/Together,#1691,2019
Another Gantz,#1692,2011
Onibaba,#1693,1964
The Prosecutor,#1694,2024
Bodies at Rest,#1695,2019
Kontrabida Academy,#1696,2025
Black Mask,#1697,1996
Strobe Edge,#1698,2015
A Better Tomorrow 2,#1699,1987
Wonderland,#1700,2024
Kamen Rider ZO,#1701,1993
Mio on the Shore,#1702,2019
I Want to Know Your Parents,#1703,2022
My Love Story with Yamada-kun at Lv999,#1704,2025
Alone,#1705,2007
"Zyuden Sentai Kyoryuger vs. Go-Busters: Dinosaur Great Battle! Farewell, Eternal Friends",#1706,2014
April Story,#1707,1998
Tiny Times 3,#1708,2014
Ditto,#1709,2000
The Whistleblower,#1710,2014
Peach of Time (Movie),#1711,2021
Hijra in Between,#1712,2018
SPEC: Close - Reincarnation,#1713,2013
Kamen Rider Zi-O: Over Quartzer,#1714,2019
Principal: Am I in a Love Story?,#1715,2018
Lumberjack the Monster,#1716,2023
Kamen Rider The Movie Episode Red: Zero no Star Twinkle,#1717,2010
Secret Fruit,#1718,2017
Late Autumn,#1719,2011
Reunion: Escape from the Monstrous Snake,#1720,2021
The Sword with No Name,#1721,2009
Love & Pop,#1722,1998
Alice: Boy from Wonderland,#1723,2015
She's the One,#1724,2013
Pika*nchi Life Is Hard However Happy,#1725,2002
Kamen Rider Ex-Aid: True Ending,#1726,2017
Maho Sentai Magiranger vs. Dekaranger,#1727,2006
Bodyguards and Assassins,#1728,2009
Wolf Girl and Black Prince,#1729,2016
Tinted with You (Movie),#1730,2022
Suddenly It's Magic,#1731,2012
Some More,#1732,2018
Obsessed,#1733,2014
Love in Disguise,#1734,2010
Sweet Sixteen,#1735,2016
"Mars: Tada, Kimi wo Aishiteru",#1736,2016
Police Story 2013,#1737,2013
The Fortune Tellers,#1738,2012
Pee Nak,#1739,2019
"Little Nights, Little Love",#1740,2019
I Just Didn't Do It,#1741,2007
City Hunter,#1742,1993
All the Liquors (Movie),#1743,2024
Architecture 101,#1744,2012
Fatal Intuition,#1745,2015
You're My Boss,#1746,2015
14 Blades,#1747,2010
"Takumi-kun Series 5: That, Sunny Blue Sky",#1748,2011
Ong Bak 2,#1749,2008
Chasing the Dragon,#1750,2017
Taste and Tears,#1751,2025
Black Money,#1752,2019
Phobia,#1753,2008
Once Upon a Time in High School,#1754,2004
Love Forecast,#1755,2015
Kamen Rider × Kamen Rider Drive & Gaim: Movie War Full Throttle,#1756,2014
Tee Yai: Born to Be Bad,#1757,2025
96 Minutes,#1758,2025
So I Married an Anti-Fan,#1759,2016
Demon City Oni Goroshi,#1760,2025
Tremble All You Want,#1761,2017
Thunderbolt,#1762,1995
Haunters,#1763,2010
Unparalleled Mulan,#1764,2020
My Boyfriend in Orange,#1765,2022
The Disastrous Life of Saiki K,#1766,2017
GTO: The Movie,#1767,1999
Clover,#1768,2014
The Grotesque Mansion,#1769,2021
Lock-On Love,#1770,2018
Impossibility Defense,#1771,2018
Ouran High School Host Club The Movie,#1772,2012
Svaha: The Sixth Finger,#1773,2019
It Takes a Man and a Woman,#1774,2013
Beauty and the Bestie,#1775,2015
The Warriors,#1776,2001
The Vancouver Asahi,#1777,2014
One Night,#1778,2019
The Night of the Undead,#1779,2020
King of Beggars,#1780,1992
Setoutsumi,#1781,2016
Blue Summer,#1782,2018
Tiny Times,#1783,2013
Kamen Rider Drive Saga: Kamen Rider Mach / Kamen Rider Heart,#1784,2016
Punch Lady,#1785,2007
Killing for the Prosecution,#1786,2018
Mulan Legend,#1787,2020
An Affair,#1788,1998
Nobleman Ryu's Wedding (Movie),#1789,2021
The Yearbook (Movie),#1790,2022
26 Years,#1791,2012
Line Walker 1,#1792,2016
Failan,#1793,2001
My Worst Neighbor,#1794,2023
A Legend,#1795,2024
Rainbow Song,#1796,2006
Ultraman Orb The Movie: Lend Me The Power of Bonds!,#1797,2017
Grand Prix,#1798,2010
Howling,#1799,2012
Matched,#1800,2023
Happy Flight,#1801,2008
Timeline,#1802,2014
My Sweet Dear (Movie),#1803,2021
Godspeed,#1804,2023
Ju-on: The Grudge,#1805,2002
Now and Forever,#1806,2006
Eyes Closed,#1807,2017
Dancing Queen,#1808,2012
Really Lily?,#1809,2019
Nakee 2,#1810,2018
Water Flowing to the Sea,#1811,2023
Tokuso Sentai Dekaranger vs. Abaranger,#1812,2005
Ju-on: The Grudge 2,#1813,2003
Aristocrats,#1814,2021
Finding Mr. Right 2: Book of Love,#1815,2016
Irresistible Love 2: Uncut,#1816,2016
Sword Master,#1817,2016
One Afternoon,#1818,2021
The Mystic Nine Side Story: Flowers Bloom in February,#1819,2016
White Vengeance,#1820,2011
The Door Lock,#1821,2021
The Substitute,#1822,2017
Why Do We Have to Hide It?!,#1823,2025
Formed Police Unit,#1824,2024
"Josee, the Tiger and the Fish",#1825,2003
Quantum Physics,#1826,2019
Kamen Rider Geats × Revice: Movie Battle Royale,#1827,2022
Worlds Apart,#1828,2024
Kamen Rider Geats: 4 Aces and the Black Fox,#1829,2023
Heaven's Door,#1830,2009
Sea Fog,#1831,2014
#Manhole,#1832,2023
The First Girl I Loved,#1833,2021
The Rise of a Tomboy,#1834,2016
A Gentle Breeze in the Village,#1835,2007
Zom 100: Bucket List of the Dead,#1836,2023
When We Met,#1837,2025
Pink and Gray,#1838,2016
The Beast and the Beauty,#1839,2005
Tabloid Truth,#1840,2014
Neverending Story,#1841,2012
Kaitou Sentai Lupinranger vs Keisatsu Sentai Patranger en Film,#1842,2018
Marmalade Boy,#1843,2018
For the Hopeless Romantic,#1844,2015
Panda Plan,#1845,2024
Mudborn,#1846,2025
Seven Something,#1847,2012
Heartman: Rock and Love,#1848,2026
Peach Girl,#1849,2017
Edge of Innocence,#1850,2017
Million Dollar Man,#1851,2018
A Frozen Flower,#1852,2008
Socialphobia,#1853,2015
Pika**nchi Life Is Hard Therefore Happy,#1854,2004
The Story of the Demon Cult Leader and the Decent Miss,#1855,2019
Holy Night: Demon Hunters,#1856,2025
Ghost,#1857,2010
Hide and Seek,#1858,2016
Hold Me,#1859,2021
Sophie's Revenge,#1860,2009
August Never Ends,#1861,2021
Coming Soon,#1862,2008
The Noisy Mansion,#1863,2025
Bad Sister,#1864,2014
Call Boy,#1865,2018
"One Day, You Will Reach the Sea",#1866,2022
My Lucky Star 2013,#1867,2013
The Girl Allergic to WiFi,#1868,2018
Irresistible Love 2,#1869,2016
"Caution, Hazardous Wife: The Movie",#1870,2021
Goodbye Mr. Loser,#1871,2015
Come Kiss Me at 0:00 AM,#1872,2019
Revenge Girl,#1873,2017
Perfect One-Night Stand,#1874,2020
Missing,#1875,2024
My Love,#1876,2007
The Queen of Attack: True and False Queen,#1877,2021
The Lost Choices,#1878,2015
The Highway Family,#1879,2022
All-Round Appraiser Q: Mona Lisa’s Eye,#1880,2014
50 First Kisses,#1881,2018
Friend: The Great Legacy,#1882,2013
As the Light Goes Out,#1883,2014
Kaibutsu-kun the Movie,#1884,2011
Poongsan,#1885,2011
The Cinderella Addiction,#1886,2021
A Distant Place,#1887,2020
Kamen Rider #1,#1888,2016
Red,#1889,2020
Hold Me Back,#1890,2020
Garo: Gold Storm Sho,#1891,2015
Between Complete and Incomplete,#1892,2021
Snatch-Up,#1893,2018
The Cornered Mouse Dreams of Cheese,#1894,2020
Bestseller,#1895,2010
Ohsama Sentai King-Ohger: Adventure Heaven,#1896,2023
A Dynamite Family,#1897,2014
Kamen Rider Gaim Gaiden: Zangetsu / Baron,#1898,2015
The Butterfly Lovers,#1899,2008
Salmokji: Whispering Water,#1900,2026
Raging Fire,#1901,2021
Mr. Go,#1902,2013
Once upon a Crime,#1903,2023
Rebirth,#1904,2011
"I'm a Cyborg, But That's OK",#1905,2006
Inference Notes,#1906,2017
The Fierce Wife Final Episode,#1907,2012
Jojo's Bizarre Adventure: Diamond Is Unbreakable,#1908,2017
Godzilla vs. Biollante,#1909,1989
No Call No Life,#1910,2021
Fleet of Time,#1911,2014
City of the Rising Sun,#1912,1998
Petty Romance,#1913,2010
The Iron Ladies,#1914,2000
The Wedding Banquet,#1915,1993
Real Girl,#1916,2018
That Kind of Love,#1917,2024
Honey Lemon Soda,#1918,2021
Once in Memory: Love at First Sight,#1919,2021
Dark Water,#1920,2002
"April, Come She Will",#1921,2024
Bad Guys Always Die,#1922,2016
April Fools,#1923,2015
My Brother Loves Me Too Much,#1924,2017
No Touching At All,#1925,2014
Cold War,#1926,2012
Kamen Rider OOO Wonderful: The Shogun and the 21 Core Medals,#1927,2011
Marriage Blue,#1928,2013
Gravity's Clowns,#1929,2009
Lovely Complex,#1930,2006
Troll Factory,#1931,2024
Game Breaker: Unawakened City,#1932,2018
Papa,#1933,2012
Ju-on: The Curse,#1934,2000
Fight Back to School 3,#1935,1993
Kiki's Delivery Service,#1936,2014
Commuting to School Series: On the Way to School,#1937,2015
Acting Love,#1938,2021
The Bullet Vanishes,#1939,2012
Lovesick,#1940,2011
Akabane Honeko no Bodyguard,#1941,2024
Gatao: The Last Stray,#1942,2021
Bilocation Omote,#1943,2014
Outrage Beyond,#1944,2012
Under Parallel Skies,#1945,2024
Ressha Sentai ToQger vs. Kyoryuger: The Movie,#1946,2015
Chasing,#1947,2016
Thermae Romae 2,#1948,2014
Heartbeat,#1949,2011
Honnoji Hotel,#1950,2017
Happiness for Sale,#1951,2013
Wolf Warriors,#1952,2015
My Love Will Make You Disappear,#1953,2025
Forbidden Fairytale,#1954,2025
Death Bell,#1955,2008
The Huntresses,#1956,2014
Akko's Secret,#1957,2012
Love Online: Extra,#1958,2017
Another Child,#1959,2019
Happy Dorm,#1960,2016
For Love or Money,#1961,2014
April Snow,#1962,2005
Bride Wars,#1963,2015
How to Win at Checkers (Every Time),#1964,2015
Concrete Market,#1965,2025
Violent Cop,#1966,1989
Whispering Corridors 6: The Humming,#1967,2021
Dark Nuns,#1968,2025
I WeirDo,#1969,2020
Poison Berry in My Brain,#1970,2015
The Swimmers,#1971,2014
First Kiss,#1972,2012
Hello Mr. Billionaire,#1973,2018
The Table,#1974,2017
The Werewolf Game: The Beast Side,#1975,2014
Pika***nchi Life Is Hard Perhaps Happy,#1976,2014
Garo: Red Requiem,#1977,2010
The Red Line,#1978,2026
Ultraman: The Next,#1979,2004
Like Grains of Sand,#1980,1995
The House Where The Mermaid Sleeps,#1981,2018
Amazon Bullseye,#1982,2024
Laundry,#1983,2002
Sister,#1984,2026
Lesson of the Evil,#1985,2012
"One Second Ahead, One Second Behind",#1986,2023
The Female Doctor and Rabbit Spirit,#1987,2019
Ashes of Time Redux,#1988,2008
Friendship,#1989,2008
Drop,#1990,2009
White Night,#1991,2009
Love Clinic,#1992,2015
Hindsight,#1993,2011
g@me.,#1994,2003
Second Chance the Movie,#1995,2022
"Ah, Wilderness",#1996,2017
The Falls,#1997,2021
Fabulous 30,#1998,2011
Super Me,#1999,2019
Kung Fu Dunk,#2000,2008
Hinokio,#2001,2005
"General, Can I Sleep with You?",#2002,2021
Family Plan,#2003,2016
Just Friends?,#2004,2009
The Chinese Widow,#2005,2017
Sand Chronicles,#2006,2008
The Blue Bird,#2007,2008
Sagrada Reset: Part 2,#2008,2017
"Ano ko no, Toriko",#2009,2018
Norigae,#2010,2013
Couples,#2011,2011
Phases of the Moon,#2012,2022
Shinjuku Incident,#2013,2009
Sakra,#2014,2023
Over My Dead Body,#2015,2012
Tai Chi Zero,#2016,2012
The Bacchus Lady,#2017,2016
Mashin Sentai Kiramager: Episode ZERO,#2018,2020
You Are My Sunshine,#2019,2005
Cho Kamen Rider Den-O & Decade Neo Generations: The Onigashima Warship,#2020,2009
Tell the World I Love You,#2021,2022
19-Nineteen,#2022,2009
The Third Murder,#2023,2017
Takumi-kun Series 3: The Beauty of Detail,#2024,2010
Portrait of a Beauty,#2025,2008
Black Night Parade,#2026,2022
High School Debut,#2027,2011
Awake,#2028,2020
The Storm Riders,#2029,1998
Outrage,#2030,2010
Daddy Long Legs,#2031,2005
Kamen Rider: Beyond Generations,#2032,2021
Thermae Romae 1,#2033,2012
Private Lessons,#2034,2020
Young Adult Matters,#2035,2020
Anchor,#2036,2022
Venus Talk,#2037,2014
Steel Cold Winter,#2038,2013
The Quiz Show Scandal,#2039,2010
Secret Roommate,#2040,2020
The Tooth and the Nail,#2041,2017
Mr. Socrates,#2042,2005
Girls,#2043,2014
The Werewolf Game: Lovers,#2044,2017
My Mighty Princess,#2045,2008
Drowning Love,#2046,2016
Revelations,#2047,2025
Omniscient Reader: The Prophecy,#2048,2025
The Eye,#2049,2002
Kamen Rider Den-O & Kiva: Climax Deka,#2050,2008
Manhole,#2051,2014
Moss,#2052,2010
Going My Home,#2053,2019
Colors of Wind,#2054,2018
Cold Fish,#2055,2011
Secret,#2056,2009
Love So Divine,#2057,2004
True Beauty: Before,#2058,2025
Dororo,#2059,2007
Pieta in the Toilet,#2060,2015
Gangnam 1970,#2061,2015
Devils Stay,#2062,2024
Laughing Under the Clouds,#2063,2018
24/7 in Love,#2064,2012
Serve the People,#2065,2022
Pegasus,#2066,2019
Wild Seven,#2067,2011
Knuckle Girl,#2068,2023
Signal,#2069,2012
My Pistachio,#2070,2018
Search Out,#2071,2020
True Legend,#2072,2010
Sisterakas,#2073,2012
Parallel Life,#2074,2010
Zyuden Sentai Kyoryuger: 100 YEARS AFTER,#2075,2014
"Blue, Painful, Fragile",#2076,2020
Ajoomma,#2077,2022
Princess Aurora,#2078,2005
Shuriken Sentai Ninninger vs. ToQGer the Movie: Ninjas in Wonderland,#2079,2016
Red Sorghum,#2080,1987
Hail to Hell,#2081,2022
The Knight of Shadows Between Yin and Yang,#2082,2019
When a Wolf Falls in Love With a Sheep,#2083,2012
As Tears Go By,#2084,1988
Initial D,#2085,2005
A Choo,#2086,2020
Long Day's Journey into Night,#2087,2018
Parade,#2088,2010
The Top Secret: Murder in Mind,#2089,2016
Girlfriend & Boyfriend,#2090,2012
Grasshopper,#2091,2015
"My Love, My Bride",#2092,2014
Organ Child,#2093,2025
Our Love Story,#2094,2016
Love and Lies,#2095,2017
My Dear Desperado,#2096,2010
Enter the Fat Dragon,#2097,2020
The Incite Mill,#2098,2010
One Last Order,#2099,2019
To Love or Not to Love,#2100,2017
Kamen Rider Ryuki The Movie: Episode Final,#2101,2002
Stolen Identity,#2102,2018
RV: Resurrected Victims,#2103,2017
Godzilla vs. King Ghidorah,#2104,1991
Three... Extremes,#2105,2004
Your Turn to Kill: The Movie,#2106,2021
Unlock Your Heart,#2107,2021
The Right Man: Because I Love You,#2108,2016
Traffickers,#2109,2012
Sagrada Reset: Part 1,#2110,2017
You're My Pet,#2111,2011
Blind Detective,#2112,2013
Re:Born,#2113,2016
Parasite in Love,#2114,2021
Shinjuku Swan,#2115,2015
The Mole Song: Undercover Agent Reiji,#2116,2014
Radiance,#2117,2017
Red Devil and Heroine Su,#2118,2020
Blue,#2119,2003
Secret Sunshine,#2120,2007
The Divine Weapon,#2121,2008
Childhood,#2122,2023
It All Began When I Met You,#2123,2013
Bogota: City of the Lost,#2124,2024
Kamen Rider Build NEW WORLD: Kamen Rider Cross-Z,#2125,2019
Heisei Rider vs. Showa Rider: Kamen Rider Taisen feat. Super Sentai,#2126,2014
Home Sweet Home,#2127,2021
The Exclusive: Beat The Devil's Tattoo,#2128,2015
A Battle of Wits,#2129,2006
Actresses,#2130,2009
My Amnesia Girl,#2131,2010
Flying Swords of Dragon Gate,#2132,2011
One Day,#2133,2010
A Moment of Love,#2134,2013
Maho Sentai Magiranger the Movie: Bride of Infershia,#2135,2005
You Call It Passion,#2136,2015
Ground Zero,#2137,2021
The Lady Improper,#2138,2018
Ghost House,#2139,2004
Hearty Paws 2,#2140,2010
Believer 2,#2141,2023
My Girlfriend is a Serial Killer,#2142,2019
Double Patty,#2143,2021
The Cat,#2144,2011
Irresistible Love: Secret of the Valet,#2145,2016
The Fox Spirit and the Little Priest,#2146,2021
After Sundown,#2147,2023
Kaizoku Sentai Goukaiger the Movie: The Flying Ghost Ship,#2148,2011
Kamen Rider Revice: Battle Familia,#2149,2022
Don't Go Breaking My Heart,#2150,2011
Whisper of the Heart,#2151,2022
Smoke,#2152,2019
In His Chart,#2153,2011
Kamen Rider Agito: Project G4,#2154,2001
White Night,#2155,2012
The Drug King,#2156,2018
Last Life in the Universe,#2157,2003
Psychokinesis,#2158,2018
Addicted,#2159,2002
One Night Only,#2160,2016
Set Me Free,#2161,2014
GoGo Sentai Boukenger vs. Super Sentai,#2162,2007
Fullmetal Alchemist,#2163,2017
Min & Max,#2164,2016
He Was Cool,#2165,2004
The Housemaid,#2166,1960
Ashes of Time,#2167,1994
IRIS 2: The Movie,#2168,2013
Twilight's Kiss,#2169,2019
Miss Conspirator,#2170,2012
Young Joo,#2171,2018
Le Grand Chef,#2172,2007
Ao no Kaerimichi,#2173,2018
Insadong Scandal,#2174,2009
Mickey 17,#2175,2025
Juuken Sentai Gekiranger vs. Boukenger,#2176,2008
Rebels of the Neon God,#2177,1992
100 Yen Love,#2178,2014
My Old Classmate,#2179,2014
Kamen Rider Wizard in Magic Land,#2180,2013
Noise,#2181,2024
LOVE+SLING,#2182,2018
The Monkey King 1: Havoc In Heaven's Palace,#2183,2014
The Great Magician,#2184,2011
Suzhou River,#2185,2000
Neko Zamurai,#2186,2014
Diary of June,#2187,2005
Tears for You,#2188,2006
Ressha Sentai ToQger: The Movie - Galaxy Line SOS,#2189,2014
Naked Weapon,#2190,2002
Talk Back and You're Dead,#2191,2014
"Graduation, Present + Propose",#2192,2021
Very Ordinary Couple,#2193,2013
Shiri,#2194,1999
Hana & Alice,#2195,2004
Kamen Rider Decade: All Riders vs. Dai-Shocker,#2196,2009
Until Rainbow Dawn,#2197,2018
Don't Say Sorry,#2198,2018
The Peach Tree,#2199,2012
Komorebi,#2200,2021
Pornographer - Spring Life,#2201,2021
Let's Get Married,#2202,2015
Uninvited,#2203,2017
Haunted Universities 3,#2204,2024
Mothers,#2205,2018
Romantic Island,#2206,2008
Re/Member: The Last Night,#2207,2025
Marrying the Mafia II: Enemy-in-Law,#2208,2005
Live Stream,#2209,2023
A Million,#2210,2009
Bichunmoo,#2211,2000
Wall to Wall,#2212,2025
No Mercy for the Rude,#2213,2006
Tinker Ticker,#2214,2014
Kamen Rider Hibiki & The Seven Senki,#2215,2005
Women Who Flirt,#2216,2014
"Firstly ""Like"" You",#2217,2023
Air Doll,#2218,2009
Hotaru no Hikari: It's Only a Little Light in My Life,#2219,2012
Akai Ito,#2220,2008
Strange Circus,#2221,2005
Marrying the Mafia IV,#2222,2011
Kamen Rider × Kamen Rider OOO & W Featuring Skull: Movie War Core,#2223,2010
Bishonen,#2224,1998
King of Comedy,#2225,1999
Queen of the Night,#2226,2013
MOZU,#2227,2015
My Lockdown Romance,#2228,2020
Mirrored Mind,#2229,2005
Sorry I Love You,#2230,2014
A Stray Goat,#2231,2017
Move to Heaven,#2232,2023
SLR,#2233,2022
Love Tech,#2234,2021
Time,#2235,2006
Super Hero Taisen GP: Kamen Rider 3,#2236,2015
My Bromance,#2237,2014
Once in Memory: Just Found Love,#2238,2021
Un/Happy for You,#2239,2024
Kurosagi: The Movie,#2240,2008
Hyouka: Forbidden Secrets,#2241,2017
Fighter in the Wind,#2242,2004
The Deal,#2243,2015
The Golden Holiday,#2244,2020
Seoul Ghost Stories,#2245,2022
77 Heartbreaks,#2246,2017
Love on a Diet,#2247,2001
The Werewolf Game: Mad Land,#2248,2017
Ziam,#2249,2025
Tokuso Sentai Dekaranger the Movie: Full Blast Action,#2250,2004
xxxHOLiC,#2251,2022
Present Perfect,#2252,2017
K-20: Legend of the Mask,#2253,2008
The Abandoned,#2254,2022
Ladda Land,#2255,2011
Love at Least,#2256,2018
Jane,#2257,2017
Azumi 2: Death or Love,#2258,2005
Audition,#2259,1999
The 9th Precinct,#2260,2019
"Yayoi, March: 30 Years That I Loved You",#2261,2020
"Ghidorah, the Three-Headed Monster",#2262,1964
Two Faces of My Girlfriend,#2263,2007
Romance Doll,#2264,2020
Being Me,#2265,2018
Runway Beat,#2266,2011
Seven Swords,#2267,2005
Ong Bak 3,#2268,2010
Sayonara Itsuka,#2269,2010
Golden Blood: The Movie,#2270,2021
Godzilla,#2271,1984
Oversize Love,#2272,2020
Empire of Lust,#2273,2015
Kamen Rider Ghost RE:BIRTH: Kamen Rider Specter,#2274,2017
A Chinese Fairy Tale,#2275,2011
Fufu,#2276,2021
Lan Yu,#2277,2001
Hard Days,#2278,2023
Long Distance,#2279,2023
SPL 1: Sha Po Lang,#2280,2005
Ex Files 2: The Back Up Strikes Back,#2281,2015
Azumi,#2282,2003
One Fine Spring Day,#2283,2001
Bittersweet,#2284,2016
Paradise,#2285,2009
Kamen Rider Gaim Gaiden 2: Duke / Knuckle,#2286,2015
Goemon,#2287,2009
One Missed Call,#2288,2004
The Immeasurable,#2289,2021
Tonde Saitama,#2290,2019
Chunhyang,#2291,2000
Samurai Marathon,#2292,2019
Special ID,#2293,2013
The Courtesan and the Female Scholar,#2294,2021
Campus Confidential,#2295,2013
Bargain,#2296,2015
Last Quarter of the Moon,#2297,2004
26 Years Diary,#2298,2007
The Outsider,#2299,2018
Haunted Campus,#2300,2016
"My Friend ""A""",#2301,2018
My Korean Teacher,#2302,2016
Half a Kiss and Half a Spice,#2303,2021
Coming Out,#2304,2014
Returner,#2305,2002
Monster Run,#2306,2020
A Liar and a Broken Girl,#2307,2011
Love Phobia,#2308,2006
Judge!,#2309,2014
Unframed,#2310,2021
A Girl & Her Guard Dog,#2311,2025
The Moment,#2312,2017
April Bride,#2313,2009
Kamen Rider Para-DX with Poppy,#2314,2018
We Are All Soft Hearted,#2315,2020
Memories of a Dead End,#2316,2019
Godzilla vs. Mothra,#2317,1992
Kamen Rider W Returns: Kamen Rider Eternal,#2318,2011
We Don't Know Love Yet.,#2319,2024
Between the Seasons,#2320,2019
The Twins Effect,#2321,2003
A Love,#2322,2007
Boss in Love,#2323,2018
Take Me Home,#2324,2016
Closed Note,#2325,2007
The Age of Blood,#2326,2017
Handphone,#2327,2009
The World of Kanako,#2328,2014
The Younger,#2329,2014
M.W.,#2330,2009
The Hypnosis,#2331,2021
Real,#2332,2013
Ichi the Killer,#2333,2001
How to Use Guys with Secret Tips,#2334,2013
Into the White Night,#2335,2011
The Great Flood,#2336,2025
"For Love, We Can",#2337,2014
Location,#2338,2020
Trumpet of the Cliff,#2339,2016
From Vegas to Macau,#2340,2014
She's From Another Planet,#2341,2016
Kamen Rider × Super Sentai × Space Sheriff: Super Hero Taisen Z,#2342,2013
The Adventurers,#2343,2017
Fantasy of the Girls,#2344,2018
Kissable Lips (Movie),#2345,2022
Midnight University,#2346,2016
Aichaku,#2347,2024
I Have to Buy New Shoes,#2348,2012
Samurai Sentai Shinkenger the Movie: The Fateful War,#2349,2009
Fly High,#2350,2006
Vampire Cleanup Department,#2351,2017
So Young,#2352,2013
Painted Skin,#2353,2022
Chalna: Enough Time to Fall in Love,#2354,2019
Millennium Mambo,#2355,2001
My Tutor Friend 2,#2356,2007
True Beauty: After,#2357,2025
The Lightning Tree,#2358,2010
Blindly in Love,#2359,2013
No Regret,#2360,2006
"Second Summer, Never See You Again",#2361,2017
The Breaking Ice,#2362,2023
Lost,#2363,2023
Attack the Gas Station!,#2364,1999
An Algorithm,#2365,2017
Kamen Rider the Winter Movie: Gotchard & Geats Strongest Chemy Gotcha - Great Operation,#2366,2023
Takumi-kun Series 4: Pure,#2367,2010
Skyfire,#2368,2019
GOTH,#2369,2008
Men of Plastic,#2370,2022
The Wild,#2371,2023
Gangster High,#2372,2006
Patisserie Coin De Rue,#2373,2011
Kamen Rider × Kamen Rider Gaim & Wizard: The Fateful Sengoku Movie Battle,#2374,2013
Straw Shield,#2375,2013
The Enchanting Phantom,#2376,2020
"East Palace, West Palace",#2377,1996
The Lost Bladesman,#2378,2011
My Special One,#2379,2025
Under Ninja,#2380,2025
Three Kingdoms: Resurrection of the Dragon,#2381,2008
Sayounara Konbanwa,#2382,2022
Calla,#2383,1999
The Confidential Coffee Brake,#2384,2021
Kamen Rider × Kamen Rider Ghost & Drive: Chou Movie War Genesis,#2385,2015
An Empress and the Warriors,#2386,2008
The Legendary Courtesan Hwang Jin Yi,#2387,2007
Red Carpet,#2388,2014
The Sin,#2389,2023
Hanaoni 3,#2390,2009
Love Strikes!,#2391,2011
My Wife Is A Gangster 2,#2392,2003
Twenty Hacker,#2393,2021
Girls Love 2,#2394,2016
Tomb of the River,#2395,2021
Marionette,#2396,2018
Romantic Station,#2397,2020
Mr. Six,#2398,2015
Go Lala Go 2,#2399,2015
Cuddle Weather,#2400,2019
The Spring of My Life,#2401,2015
Love Contractually,#2402,2017
Love Ever After,#2403,2023
True Fiction,#2404,2018
Pragma,#2405,2014
Ooku,#2406,2010
The Warrior's Gate,#2407,2016
Mothra vs. Godzilla,#2408,1964
White: The Melody of the Curse,#2409,2011
"Go Away, Ultramarine",#2410,2019
Wangan Midnight The Movie,#2411,2009
The Bridge Curse 2: Ritual,#2412,2023
Fan Girl,#2413,2020
My Wife Is a Gangster,#2414,2001
The Game Changer,#2415,2017
Oh! Boarding House (Movie),#2416,2022
Birds Without Names,#2417,2017
White Snake,#2418,2021
Shadowless Sword,#2419,2005
Once in Memory: Wish Me Luck,#2420,2021
Man of Vendetta,#2421,2010
A Muse,#2422,2012
The Promise,#2423,2017
1 Month Like Summer Vacation,#2424,2008
Marrying the Mafia III,#2425,2006
Season of Good Rain,#2426,2009
It Comes,#2427,2018
Guilty of Romance,#2428,2011
The Last Women Standing,#2429,2015
Yes or No 2,#2430,2012
Love My Life,#2431,2006
The Thousand Faces of Dunjia,#2432,2017
Game of Death,#2433,1978
Demekin,#2434,2017
100 Days with Mr. Arrogant,#2435,2004
The Handsome Suit,#2436,2008
The Badly-Bruised Devil,#2437,2017
My Ordinary Love Story,#2438,2014
AM 11:00,#2439,2013
Love in a Puff,#2440,2010
Hello Schoolgirl,#2441,2008
"A Summer Day, Your Voice",#2442,2015
Our School's E.T,#2443,2008
Lady Daddy,#2444,2010
The Devil's Deal,#2445,2023
Raging Phoenix,#2446,2009
All You Need Is Love,#2447,2015
Ghost Ship,#2448,2015
Mon Mon Mon Monsters,#2449,2017
Piecing Me Back Together,#2450,2010
The Treacherous,#2451,2015
When the Waves Rise,#2452,2020
The Antique,#2453,2018
Hush!,#2454,2001
Necktie Magatteru yo.,#2455,2024
Madeleine,#2456,2003
The Mimic,#2457,2017
The Restless,#2458,2006
Turtles Swim Faster Than Expected,#2459,2005
Open City,#2460,2008
The Scythian Lamb,#2461,2018
60 Days of Summer,#2462,2018
Gabi,#2463,2012
Ai no Kotodama,#2464,2007
Royal Kitchen in Qing Dynasty,#2465,2020
The Curse of Turandot,#2466,2021
Drucker in the Dug-Out,#2467,2011
Untold Scandal,#2468,2003
Humming,#2469,2008
Space Battleship Yamato,#2470,2010
The Culprit,#2471,2019
Wild Grass,#2472,2020
Days with You,#2473,2009
Budapest Diary,#2474,2011
Girl,#2475,2012
Someone,#2476,2016
Mr. Hong,#2477,2004
Flying With You,#2478,2012
Warriors of Future,#2479,2022
The Plot,#2480,2024
Almost a Miracle,#2481,2019
Time to Love,#2482,2015
Kamen Rider Blade: Missing Ace,#2483,2004
The Recipe,#2484,2010
Tetsuo: The Iron Man,#2485,1989
Life Risking Romance,#2486,2016
Ex Files,#2487,2014
Le Grand Chef 2: Kimchi Battle,#2488,2010
Cyrano Agency,#2489,2010
Asako I & II,#2490,2018
RedLife,#2491,2023
Water Boyy: The Movie,#2492,2015
Taste of Horror,#2493,2023
Zero-One Others: Kamen Rider MetsubouJinrai,#2494,2021
The Light Shines Only There,#2495,2014
Noriko's Dinner Table,#2496,2005
Cutie Honey,#2497,2004
Ghost Train,#2498,2024
"My Boss, My Teacher",#2499,2006
Art of Fighting,#2500,2006
A Rose and a Tulip,#2501,2019
Oh My God!,#2502,2015
Kamen Rider Kiva: King of the Castle in the Demon World,#2503,2008
Mojin: The Worm Valley,#2504,2018
Boomerang Family,#2505,2013
The Goblin,#2506,2022
Miss Fortune,#2507,2023
Thirst,#2508,2009
The Fate of Swordsman,#2509,2017
Godzilla vs. Mechagodzilla,#2510,1974
New Normal,#2511,2022
No Longer Human,#2512,2019
The Guillotines,#2513,2012
The Winter Child,#2514,2024
Versus,#2515,2000
Dream,#2516,2008
After the Flowers,#2517,2010
Blood Rain,#2518,2005
Bullies,#2519,2018
The Whole Truth,#2520,2021
Takumi-kun Series 2: Rainbow Colored Glass,#2521,2009
Accident,#2522,2009
Hanalei Bay,#2523,2018
My Egg Boy,#2524,2016
Before We Vanish,#2525,2017
Love Is Not Blind,#2526,2011
"Kiss Me, Kill Me",#2527,2009
Dragon Tiger Gate,#2528,2006
Take Care of My Cat,#2529,2001
Heart Beats,#2530,2021
Honey Enemy,#2531,2015
You Are Brilliant Like a Spica,#2532,2019
You with Me,#2533,2017
Ju-on: The Curse 2,#2534,2000
"Love, Again",#2535,2019
Fragile Souls,#2536,2019
Pagpag: Nine Lives,#2537,2013
The 8th Night,#2538,2021
Arang,#2539,2006
Two Hearts,#2540,2021
Marrying the Mafia,#2541,2002
Roommate,#2542,2013
Project Makeover,#2543,2007
Monsters Club,#2544,2012
Snowball,#2545,2021
My Kingdom,#2546,2011
Arahan,#2547,2004
Formula 17,#2548,2004
HELIOS,#2549,2015
Chronicles of a Ghostly Tribe,#2550,2015
If I Were You,#2551,2012
The Mermaid,#2552,2016
Human Form,#2553,2015
Kamen Rider Revice: The Movie,#2554,2021
Ring 0: Birthday,#2555,2000
The Floor Plan,#2556,2024
Commuting to School Series: Commuter Tram,#2557,2015
Rin,#2558,2019
Touch,#2559,2005
The Perfect Couple,#2560,2007
Look for a Star,#2561,2009
Laplace's Witch,#2562,2018
Project Y,#2563,2025
Vertigo,#2564,2019
Lost to Shame,#2565,2016
Malila: The Farewell Flower,#2566,2017
Advent of an Aristocrat: Prince of Legend,#2567,2020
The Bow,#2568,2005
The Kirishima Thing,#2569,2012
Sweet and Sour,#2570,2023
Moonlight Shadow,#2571,2021
Romantic Debtors,#2572,2010
Cloud,#2573,2024
Time Trip App,#2574,2014
Permanent Residence,#2575,2009
Knights of the Zodiac,#2576,2023
Kotoko,#2577,2012
Sunkist Family,#2578,2019
Miracle on 1st Street,#2579,2007
Signal 100,#2580,2020
Whispering Corridors 3: Wishing Stairs,#2581,2003
This Night,#2582,2018
Juvenile Offender,#2583,2012
Shadows in the Palace,#2584,2007
Autumn Fairy Tale,#2585,2019
Colorless,#2586,2020
Sakura,#2587,2020
What a Man Wants,#2588,2018
About Love,#2589,2005
Crows Explode,#2590,2014
The Little Girl Who Conquered Time,#2591,1983
Garo Gaiden:  The Whistle of the Phantom Peach,#2592,2013
Return to Seoul,#2593,2022
Innocent Thing,#2594,2014
Midnight Maiden War,#2595,2022
Pulse,#2596,2001
Strayer's Chronicle,#2597,2015
We Couldn't Become Adults,#2598,2021
This Summer,#2599,2015
Jigoku Shoujo,#2600,2019
Lost in Perfection,#2601,2023
Barking Dogs Never Bite,#2602,2000
Delivery Boy,#2603,2019
The ESP Couple,#2604,2008
Dumplings,#2605,2004
Gakko Gurashi!,#2606,2019
Unstoppable Marriage,#2607,2007
Second Life,#2608,2019
Hello? Spring Is Coming,#2609,2019
The Rookies,#2610,2019
Blowfish,#2611,2011
Policeman and Me,#2612,2017
One Night,#2613,2021
Silver Spoon,#2614,2014
Jung_E,#2615,2023
The Morning After,#2616,2021
Tropical Night,#2617,2017
Blades of Blood,#2618,2010
Miss Shampoo,#2619,2023
Love's Coming,#2620,2014
"Zenin, Kataomoi",#2621,2016
The Maid,#2622,2020
Kabukicho Love Hotel,#2623,2015
Love Life,#2624,2022
The Scent,#2625,2012
His Girlfriend,#2626,2015
Kamen Rider OOO: 10th Core Medal Resurrection,#2627,2022
The Werewolf Game: Prison Break,#2628,2016
Godzilla 2000: Millennium,#2629,1999
Jenny & Juno,#2630,2005
Kisaragi Station,#2631,2022
Love in Magic,#2632,2005
Girl's Revenge,#2633,2020
Godzilla vs. Hedorah,#2634,1971
Lucky Chan Sil,#2635,2020
Rigor Mortis,#2636,2013
HK: Forbidden Superhero the Abnormal Crisis,#2637,2016
The White Haired Witch of Lunar Kingdom,#2638,2014
IRIS: The Movie,#2639,2010
Whispering Corridors 4: Ghost Voice,#2640,2005
Black Light,#2641,2021
Youth Never Returns,#2642,2015
Dating on Earth,#2643,2010
Kao Dake ja Suki ni Narimasen,#2644,2025
In Love and Deep Water,#2645,2023
By Chance,#2646,2018
Love Story in London,#2647,2021
Triple Threat,#2648,2019
The Unjust,#2649,2010
Another Way,#2650,2017
Compassion,#2651,2014
Life Back Then,#2652,2011
Green Night,#2653,2023
Almost Love,#2654,2006
"L for Love, L for Lies",#2655,2008
Sonnet 18,#2656,2019
Incomplete,#2657,2019
A Very Good Girl,#2658,2023
The Poet and the Boy,#2659,2017
The Summer Pasta Recipe,#2660,2022
Open,#2661,2015
Beautiful Sunday,#2662,2007
Our Body,#2663,2019
Kaiji: Final Game,#2664,2020
Kun in the Distant Ocean,#2665,2024
China 1911,#2666,2011
Under Your Bed,#2667,2019
Lost and Found,#2668,2008
Bad Lands,#2669,2023
Virus,#2670,2025
Death Bell 2: Bloody Camp,#2671,2010
Harmful Insect,#2672,2001
Are We in Love?,#2673,2020
Happiness,#2674,2007
The Third Party,#2675,2016
My Name is Love,#2676,2012
Jan Dara: The Beginning,#2677,2012
Can I Kiss My Best Friend?,#2678,2021
Snakes and Earrings,#2679,2008
Horror Stories,#2680,2012
Zebra,#2681,2016
Oh! My Assistant (Movie),#2682,2023
Please Teach Me English,#2683,2003
Zhong Kui: Snow Girl and the Dark Crystal,#2684,2015
Alice: Crack of Season,#2685,2016
Moneyboys,#2686,2021
Fashion King,#2687,2014
Seven Years of Night,#2688,2018
The Homeless Student,#2689,2008
Someone Special,#2690,2004
Miracle: Devil Claus' Love and Magic,#2691,2014
Beautiful Days,#2692,2018
Night's Tightrope,#2693,2016
Broken Youth,#2694,2019
Kamen Rider J,#2695,1994
Hormones,#2696,2008
Attack the Gas Station! 2,#2697,2010
Lavender,#2698,2000
"It's Me, It's Me",#2699,2013
My Best Friend's Wedding,#2700,2016
Color Rush 2 (Movie),#2701,2022
The Woman Who Ran,#2702,2020
Love My Scent,#2703,2023
Kamen Rider Brave & Snipe,#2704,2018
Kiba: The Dark Knight Gaiden,#2705,2011
Lovers Vanished,#2706,2010
The Werewolf Game: Inferno,#2707,2018
Godzilla vs. SpaceGodzilla,#2708,1994
Yellow Elephant,#2709,2013
Still the Water,#2710,2014
Try to Remember,#2711,2010
The Men Who My Father Loved,#2712,2018
Beneath the Shadow,#2713,2020
Beautiful,#2714,2008
See You After School,#2715,2006
Liverleaf,#2716,2018
Cat in the Eastern Palace,#2717,2020
Killers,#2718,2014
5 Minutes to Tomorrow,#2719,2014
Aka X Pinku,#2720,2014
Our Town,#2721,2007
The Shameless,#2722,2015
The Boy From Ipanema,#2723,2010
Perfect Partner,#2724,2011
The Assassins,#2725,2012
Kamen Rider Kabuto: God Speed Love,#2726,2006
The Cheese Sisters,#2727,2022
Yellow Tears,#2728,2007
Alice In Earnestland,#2729,2015
Phone,#2730,2002
Behind Cut (Movie),#2731,2022
Our Kogen Hotel,#2732,2013
Top Star,#2733,2013
The Prince of Tennis,#2734,2006
Creepy,#2735,2016
Proud of Love,#2736,2021
Kinematics Theory,#2737,2018
The Ghost Game,#2738,2025
Where to Go,#2739,2018
The Sun Does Not Move,#2740,2021
Swinging Blossom,#2741,2017
The Promise,#2742,2005
Magic to Win,#2743,2011
A.I. Love You,#2744,2016
Happy End,#2745,1999
Zero-One Others: Kamen Rider Vulcan & Valkyrie,#2746,2021
The Hidden Face,#2747,2024
The Journey to China: The Mystery of Iron Mask,#2748,2019
Ox-Head Village,#2749,2022
Kamen Rider x Super Sentai: Chou Super Hero Taisen,#2750,2017
Ring 2,#2751,1999
Ultimate Oppa,#2752,2022
The Time of Backlights,#2753,2017
Marrying the Mafia V,#2754,2012
30+ Single On Sale,#2755,2011
Spiritpact,#2756,2018
Manhunt,#2757,2017
Fall in Love with My Bad Boy,#2758,2020
Into the Mirror,#2759,2003
Love at Seventh Sight,#2760,2009
M,#2761,2007
Over the Fence,#2762,2016
Fatal Frame,#2763,2014
Miao Miao,#2764,2008
How to Become Myself,#2765,2007
Reincarnation,#2766,2006
Maggie,#2767,2019
HK: Forbidden Superhero,#2768,2013
Fate,#2769,2008
Kamen Rider Ghost the Movie: The 100 Eyecons and Ghost's Fateful Moment,#2770,2016
Office,#2771,2015
The Art of Seduction,#2772,2005
Ocean Likes Me (Movie),#2773,2022
Azooma,#2774,2013
Ugly Beauty,#2775,2019
The Tale of Genji,#2776,2011
Bow Then Kiss,#2777,2017
Kissing Cousin,#2778,2016
Old Miss Diary,#2779,2006
Love of South and North,#2780,2003
Bad Girls,#2781,2012
Artemisia,#2782,2008
3 A.M. 3D,#2783,2012
Special Investigation Unit,#2784,2011
Fuccbois,#2785,2019
The Servant,#2786,2010
Brother's Friend,#2787,2018
A Girl on the Shore,#2788,2021
Flying Boys,#2789,2004
Moon Young,#2790,2015
Marui Video,#2791,2023
Two and One,#2792,2022
A Special Lady,#2793,2017
You Will Die in 6 Hours,#2794,2024
Sukiyaki Western Django,#2795,2007
Deep Ocean,#2796,2022
Good Night,#2797,2016
What Women Want,#2798,2011
Breath,#2799,2007
Premonition,#2800,2004
The Concubine,#2801,2012
Mushishi,#2802,2007
The Chosen: Forbidden Cave,#2803,2015
A Round Trip to Love,#2804,2016
Scarlet Innocence,#2805,2014
Someone behind You,#2806,2007
Death Game Park,#2807,2010
The Fallen Angel,#2808,2010
Maybe We Broke Up,#2809,2023
Kamen Rider 555 20th: Paradise Regained,#2810,2024
Give Seven Days,#2811,2014
The Postcard,#2812,2007
R-Point,#2813,2004
"Black Coal, Thin Ice",#2814,2014
Say Hello for Me,#2815,2007
The Brother,#2816,2016
One Missed Call 2,#2817,2005
The Taming of the Shrew,#2818,2008
Missions of Love,#2819,2018
Fortune Salon,#2820,2009
Does the Flower Bloom?,#2821,2018
Udagawachou de Matteteyo,#2822,2015
Samaritan Girl,#2823,2004
Ousama Game,#2824,2011
He Says to Me...?,#2825,2017
Rebirth,#2826,2017
Love Love You,#2827,2015
The Seaside Motel,#2828,2010
One Night Stud,#2829,2015
Under Your Bed,#2830,2023
Mr. Nice Guy & the Lonely Man,#2831,2023
Her Granddaughter,#2832,2015
4 Horror Tales: Roommates,#2833,2006
Tokyo!,#2834,2008
"Something, Crunchy Crunchy",#2835,2013
Himeanoru,#2836,2016
Be with Me,#2837,2010
Suffocating Love,#2838,2024
GOGO Ikemen 5,#2839,2013
I Go to School Not by Bus,#2840,2015
Lady of the Dynasty,#2841,2015
Gegege no Kitaro,#2842,2007
Present Perfect,#2843,2012
Classmates,#2844,2008
Iceman 3D,#2845,2014
Before I Love You: Phu x Tawan,#2846,2019
Love You 10000 Years,#2847,2010
On the Beach at Night Alone,#2848,2017
Maybe,#2849,2009
Junjou,#2850,2010
The Pool,#2851,2018
The Precipice Game,#2852,2016
Shotgun Love,#2853,2011
Hanaoni 2,#2854,2009
Eun Ha,#2855,2017
The Village,#2856,2023
Wretches,#2857,2018
Asymmetry,#2858,2008
Invasion of the Astro-Monster,#2859,1965
The Chasing World,#2860,2008
Guimoon: The Lightless Door,#2861,2021
The Youth,#2862,2014
Tajomaru: Avenging Blade,#2863,2009
Spin Kick,#2864,2004
Attack 13,#2865,2025
Ju-on: Beginning of the End,#2866,2014
Itsuka no Kimi e,#2867,2007
Ring of Curse,#2868,2011
Warning: Do Not Play,#2869,2019
Triage,#2870,2019
The Breakup Guru,#2871,2014
Marriage Is a Crazy Thing,#2872,2002
The Twins Effect 2,#2873,2004
Original Sin,#2874,2022
The Last Princess,#2875,2008
I’ll Be with You,#2876,2012
The Queens,#2877,2015
Save Me,#2878,2009
City of Fathers,#2879,2009
Fall in Love with Fox,#2880,2019
My Dear Enemy,#2881,2008
Blood: The Last Vampire,#2882,2009
Hide and Never Seek,#2883,2016
Revolver,#2884,2024
Perfect Imperfection,#2885,2016
6 Years in Love,#2886,2008
Evil Twin,#2887,2007
Godzilla vs. Gigan,#2888,1972
The Bridge Curse,#2889,2020
Moments of Love,#2890,2023
0.0MHz,#2891,2019
Piece of Cake,#2892,2015
The Doll Master,#2893,2004
Hanaoni,#2894,2009
Bloody Reunion,#2895,2006
The Tenants Downstairs,#2896,2016
Boys of Tomorrow,#2897,2007
Honey and Clover,#2898,2006
APT,#2899,2006
Georama Boy Panorama Girl,#2900,2020
Nocturnal,#2901,2025
According to Our Butler,#2902,2019
The Vampire Lives Next Door To Us,#2903,2015
Murderer,#2904,2014
Kamen Rider The Next,#2905,2007
One Day Miracle,#2906,2024
Tik Tok,#2907,2016
"To You, for Me",#2908,2015
Parallel World Love Story,#2909,2019
Days of Wrath,#2910,2013
Arakawa under the Bridge,#2911,2012
Girl x Girl,#2912,2007
Monk Comes Down the Mountain,#2913,2015
"Make Up, Make Me Grow Up!",#2914,2024
Ju-on: White Ghost,#2915,2009
River's Edge,#2916,2018
Cube,#2917,2021
Secret Love,#2918,2010
Badges of Fury,#2919,2013
Monsterz,#2920,2014
The Werewolf Game: The Villagers Side,#2921,2013
For the Emperor,#2922,2014
Suicide Forest Village,#2923,2021
A Chinese Odyssey 3,#2924,2016
Silent Sparks,#2925,2024
The Tag-Along,#2926,2015
The Flowers of Evil,#2927,2019
Heartbreak Library,#2928,2008
Bad Cop,#2929,2016
Meet the In-Laws,#2930,2011
Eerie,#2931,2019
Man of Tai Chi,#2932,2013
Collective Invention,#2933,2015
Kamui Gaiden,#2934,2009
A Round Trip to Love Part 2,#2935,2016
Changing Partners,#2936,2007
My Chilling Roommate (Movie),#2937,2022
Kuchisake Onna 2,#2938,2008
Naoko,#2939,2008
Cutie Honey: Tears,#2940,2016
Right by Me,#2941,2005
Cheese in the Trap,#2942,2018
Double Mints,#2943,2017
Loan Boy,#2944,2023
The Beast,#2945,2019
The Eye 2,#2946,2004
My Darling Is a Foreigner,#2947,2010
Vampire in Love,#2948,2015
S Diary,#2949,2004
Oppai Volleyball,#2950,2009
Worm Max,#2951,2015
"My Boss, My Hero",#2952,2001
Oh! Happy Day,#2953,2003
Doomsday Book,#2954,2012
The Legend of Seven Cutter,#2955,2006
Surprise Party,#2956,2002
Howling Village,#2957,2020
Faded,#2958,2017
Ouija Board,#2959,2004
Whispering Corridors 5: A Blood Pledge,#2960,2009
My New Sassy Girl,#2961,2016
Slate,#2962,2021
4 Horror Tales: Forbidden Floor,#2963,2006
Sex Is Zero 2,#2964,2007
I'm Here & 12 Years,#2965,2015
Crazy First Love,#2966,2003
Revenger,#2967,2018
Circle of Atonement,#2968,2015
Codename: Jackal,#2969,2012
League of Gods,#2970,2016
Hell Is Other People,#2971,2024
Triple - Do You Want?,#2972,2020
Gatchaman,#2973,2013
Venus and Mars,#2974,2007
Beautiful Vampire,#2975,2018
Like a Dragon,#2976,2007
Infection,#2977,2004
Another,#2978,2012
Latex,#2979,2024
Whispering Corridors 2: Memento Mori,#2980,1999
Memoirs of a Teenage Amnesiac,#2981,2010
The Male Fairy Fox of Liaozhai,#2982,2016
Mobile Boyfriend,#2983,2009
Sugar & Spice,#2984,2006
One Missed Call Final,#2985,2006
"Right Now, Wrong Then",#2986,2015
Katasumi and 4444444444,#2987,1998
Athlete,#2988,2019
Narratage,#2989,2017
Dinosaur Love: The Movie,#2990,2023
Fasten Your Seatbelt,#2991,2013
The Ghost Station,#2992,2023
Attack on the Pin-Up Boys,#2993,2007
Like Someone in Love,#2994,2012
Norwegian Wood,#2995,2010
A Friend Is Another Self,#2996,2017
Love Fiction,#2997,2012
Kizumomo,#2998,2008
Dangerous Drugs of Sex,#2999,2020
Streaming,#3000,2025
Kamen Rider The First,#3001,2005
From Now to the Past,#3002,2015
Customized Companion,#3003,2017
Spider Lilies,#3004,2007
Killing Curriculum: Jinroh Shokei Game - Prologue,#3005,2015
When Romance Meets Destiny,#3006,2005
Karate Girl,#3007,2011
I Don't Believe You're a Prince,#3008,2020
4 Horror Tales: 29 February,#3009,2006
Jay,#3010,2019
Kamen Rider Gaim: Great Soccer Battle! Golden Fruits Cup!,#3011,2014
First Kiss,#3012,1998
Free Bird,#3013,2017
Muoi: The Legend of a Portrait,#3014,2007
Is You,#3015,2020
Gigolo Wannabe,#3016,2006
Paranormal Activity 2: Tokyo Night,#3017,2010
My Bromance 2: Movie Edition,#3018,2021
Love Advisor,#3019,2021
Akihabara@DEEP,#3020,2006
Ride Away,#3021,2008
2 Cool 2 Be 4gotten,#3022,2017
Bungee Jumping of Their Own,#3023,2001
Green Snake,#3024,2019
Godzilla vs. Megalon,#3025,1973
Nightmare Detective,#3026,2007
Please Enlighten Me,#3027,2021
2ldk,#3028,2003
My Wife Is 18,#3029,2002
Love Place: Shiawase no Katachi,#3030,2013
Possessed,#3031,2009
White Valentine,#3032,1999
Refined Love,#3033,2016
Missing,#3034,2009
46 Billion Years of Love,#3035,2006
Afro Tanaka,#3036,2012
Antiporno,#3037,2017
Exist Within,#3038,2022
Spy Girl,#3039,2004
The Intimate Lover,#3040,2005
The Many Faces of Ito,#3041,2018
Table Manner,#3042,2018
How to Keep My Love,#3043,2004
The Longest 24 Months,#3044,2008
Plump Revolution,#3045,2012
Ju-on: The Final,#3046,2015
Way Out,#3047,2017
Five Steps to Accept Farewell,#3048,2016
The Rope Curse 2,#3049,2020
Gyeongju,#3050,2014
Don’t Go Breaking My Heart 2,#3051,2014
Spring Bears Love,#3052,2003
Boyfriend,#3053,2016
Casshern,#3054,2004
Crying 100 Times: Every Raindrop Falls,#3055,2013
Tokyo Boy,#3056,2008
Misbehavior,#3057,2016
The Whispering,#3058,2018
Eighteen and Nineteen,#3059,2012
Volcano High School,#3060,2001
Shanghai Fortress,#3061,2019
Dead Friend,#3062,2004
Feel Good To Say Goodbye,#3063,2015
Tag,#3064,2015
REC,#3065,2011
Miss Gold Digger,#3066,2007
Taboo,#3067,1999
Summer to Winter,#3068,2014
The Demonic Lord and the Virtuous Cultivator,#3069,2021
Me and Me,#3070,2020
The Worst Guy Ever,#3071,2007
Contract Lover,#3072,2007
I Am Reiko Shiratori! The Movie,#3073,2016
5 Lessons in Happiness: Homebound,#3074,2020
Puzzle,#3075,2014
Ju-on: Black Ghost,#3076,2009
Love in the Kitchen,#3077,2020
Plum Blossom,#3078,2000
Mento Mentoree,#3079,2022
Whispering Corridors,#3080,1998
My Harakuro Boss,#3081,2018
Suddenly Last Summer,#3082,2012
Little Blue,#3083,2022
An Assassin,#3084,2011
Shin Kamen Rider: Prologue,#3085,1992
Why Did You Come to My House?,#3086,2009
Shrill Cries – Reshuffle,#3087,2009
The Naked Kitchen,#3088,2009
Exte,#3089,2007
The Cat Funeral,#3090,2015
Higanjima,#3091,2010
Deep Trap,#3092,2015
Acacia,#3093,2003
Waruboro,#3094,2007
Macho Caponata,#3095,2020
The Isle,#3096,2000
Queer Movie Butterfly: The Adult World,#3097,2015
A Perfect Match,#3098,2002
My Man,#3099,2014
One Thing She Doesn't Have,#3100,2014
The Uninvited,#3101,2003
Takumi-kun Series: The Dawn of the Long Tales,#3102,2023
Mermaid’s Jade,#3103,2019
Tarot,#3104,2024
Secret Spectacles,#3105,2017
The Depths,#3106,2010
Su-ki-da,#3107,2005
"Love, in Between",#3108,2010
Marebito,#3109,2004
Once in Memory: Let Me Be Yours,#3110,2023
Oppressive Love,#3111,2016
You Are My Vampire,#3112,2014
Wannabe,#3113,2024
Tilted Summer,#3114,2017
I Am Happy,#3115,2009
The Red Shoes,#3116,2005
Deja Vu,#3117,2018
What to Do with the Dead Kaiju?,#3118,2022
The Loner,#3119,2008
The Girl,#3120,2014
My Scary Girl,#3121,2006
Homunculus,#3122,2021
Son of Godzilla,#3123,1967
Cinderella,#3124,2006
A Crimson Mark,#3125,2004
Ghastly,#3126,2011
Hero,#3127,2010
Horror Stories 2,#3128,2013
Forbidden Quest,#3129,2006
Tokyo Park,#3130,2011
My Boyfriend Is Type-B,#3131,2005
The Entitled,#3132,2022
King Kong vs. Godzilla,#3133,1962
The Couple,#3134,2021
Chime,#3135,2024
The Labyrinth,#3136,2021
Go! Go! G-Boys,#3137,2006
You Had Me at Hello,#3138,2018
Sadako 3D 2,#3139,2013
Nobody's Daughter Hae Won,#3140,2013
Takumi-kun Series 1: And the Spring Breeze Whispers,#3141,2007
My Bromance: Reunion,#3142,2015
Tokyo Tower,#3143,2005
Sector 7,#3144,2011
Streamer,#3145,2023
Nineteen,#3146,2015
The Diary About Ayame's Easygoing and Aggressive Days,#3147,2017
Violence Action,#3148,2022
Bangkok Love Story,#3149,2007
The Machine Girl,#3150,2008
The Wrath,#3151,2018
Love at the End of the World,#3152,2015
One Perfect Day,#3153,2013
Vampire Stories Brothers,#3154,2011
Kamen Rider Saber: The Phoenix Swordsman and the Book of Ruin,#3155,2020
Buddy Park,#3156,2018
Before I Love You: Phu x Tawan  Uncut,#3157,2020
Kuchisake Onna,#3158,2007
The Right Man: Christmas Gift,#3159,2016
Shades of the Heart,#3160,2021
Daily Lives of High School Boys,#3161,2013
President,#3162,2019
Check Out: The Movie,#3163,2023
Lychee Light Club,#3164,2016
Pair of Love,#3165,2010
AI Love You,#3166,2022
A Beautiful Star,#3167,2017
Sadako vs Kayako,#3168,2016
My Personal Trainer,#3169,2019
Han Zi Gao: The Male Queen,#3170,2016
The Complex,#3171,2013
The Blue Hour,#3172,2015
Mobile Girlfriend,#3173,2011
Green Chair,#3174,2005
The Assassin,#3175,2015
Queer Movie Beautiful,#3176,2018
Love’s Whirlpool,#3177,2014
Yes or No 2.5,#3178,2015
Don't Click,#3179,2012
Hellcats,#3180,2008
The Werewolf Game: Crazy Fox,#3181,2015
The Four Vampires,#3182,2018
Rough Play,#3183,2013
Arcana,#3184,2013
Hotel Lake,#3185,2020
Ugly People,#3186,2016
I Come With the Rain,#3187,2008
The Coldest Day,#3188,2017
My Idol,#3189,2024
The Gossip,#3190,2021
Sadako,#3191,2019
My Friendship,#3192,2020
School Girl Complex,#3193,2013
Morning Boy,#3194,2014
The Forest of Love,#3195,2019
Searching for the Elephant,#3196,2009
A Good Day to Have an Affair,#3197,2007
Heart... Not a Reason,#3198,2020
The Love,#3199,2016
Paju,#3200,2009
Hard Romanticker,#3201,2011
In the Realm of the Senses,#3202,1976
Dynasty Warriors,#3203,2021
Suicide Circle,#3204,2002
Brake,#3205,2019
Flyleaf of Summer,#3206,2017
Mr. CEO Is Falling in Love with Him,#3207,2017
My DNA Says I Love You,#3208,2007
Jinroh Shokei Game,#3209,2015
Outside,#3210,2024
The Scarlet Letter,#3211,2004
Mischange,#3212,2013
My Eleventh Brother,#3213,2016
We Love,#3214,2018
.avi,#3215,2019
How to Date an Otaku Girl,#3216,2009
Little Black Dress,#3217,2011
Ai no Kotodama 2: Sekai no Hate Made,#3218,2010
Corpse Party: Book of Shadows,#3219,2016
Doi Boy,#3220,2023
Halfway,#3221,2009
"The Relation of Face, Mind and Love",#3222,2009
Marrying School Girl,#3223,2004
The Perfect Man's Man,#3224,2011
First Love,#3225,2007
Boys Love: The Movie,#3226,2007
Purpose of Reunion,#3227,2015
One Night Only,#3228,2014
Me & 23 Slaves,#3229,2014
Hard to Give Up,#3230,2016
Teketeke,#3231,2009
The Wig,#3232,2005
Carter,#3233,2022
Heavy Snow,#3234,2023
Yatterman,#3235,2009
Who Slept with Her,#3236,2006
Gray,#3237,2016
Fingers After,#3238,2021
His Cat,#3239,2020
My Pretend Girlfriend,#3240,2014
Fall in Love With My King,#3241,2020
Departure,#3242,2019
Spiral,#3243,1998
Wotakoi: Love Is Hard for Otaku,#3244,2020
The Housemaid,#3245,2010
A Straight Man Like You,#3246,2019
5 Lessons in Happiness: Little Man,#3247,2020
Apartment 1303,#3248,2007
Everybody Has Secrets,#3249,2004
Wet Woman in the Wind,#3250,2016
Secret,#3251,2013
Black Summer,#3252,2017
Summer Time,#3253,2001
My Wife Got Married,#3254,2008
Hana Yori Dango,#3255,1995
Corpse Party,#3256,2015
The Taste of Money,#3257,2012
Turnover,#3258,2016
Midnight Love,#3259,2023
Ghost Train,#3260,2006
Find You in the Crowd 2,#3261,2019
Your Fingertips,#3262,2007
Love 100° C,#3263,2010
Rules of Dating,#3264,2005
High Society,#3265,2018
The Sadness,#3266,2021
Night of Love,#3267,2020
Fly by Night,#3268,2011
Secret Love: Love Behind One's Back,#3269,2014
Change,#3270,2013
1448 Love Among Us,#3271,2014
The Turning Road,#3272,2017
Demon Presidents Contract Lover,#3273,2017
Candy and Kiss,#3274,2015
Battle Royale II: Requiem,#3275,2003
Tokyo Gore Police,#3276,2008
Yakuza Apocalypse,#3277,2015
Bad Guy,#3278,2001
5 Lessons in Happiness: She Is My Father,#3279,2020
5 Lessons in Happiness: Throuple,#3280,2020
Skip School,#3281,2020
Goodbye Summer,#3282,2019
Gentleman Spa,#3283,2019
Find You in the Crowd,#3284,2017
Same Same Is Not the Same,#3285,2015
Never Again,#3286,2014
A Tale of Legendary Libido,#3287,2008
Don't Laugh at My Romance,#3288,2008
Visitor Q,#3289,2001
Fragment,#3290,2018
Dangerous Boys,#3291,2014
Before I Love You: Rain x Storm,#3292,2019
"His, Ice Cream",#3293,2022
Bride,#3294,2016
Driver,#3295,2017
BL: Boku no Kareshi wo Shokai Shimasu,#3296,2009
Gothic & Lolita Psycho,#3297,2010
Attraction,#3298,2016
Young President and His Contract Wife,#3299,2018
Yoga Hakwon,#3300,2009
Judge,#3301,2013
Fly High,#3302,2009
In My End Is My Beginning,#3303,2013
Yuriko's Aroma,#3304,2010
White Lily,#3305,2017
Ride or Die,#3306,2021
Trade Your Love,#3307,2019
Love Place: Hakanaki Kata Omoi - Gaiya no Koi,#3308,2013
Haganai: I Don't Have Many Friends,#3309,2014
An Ethics Lesson,#3310,2013
"My Rosy Life, His Rosy Passion",#3311,2014
Sex Is Zero,#3312,2002
Same Difference,#3313,2014
How to Die Young in Manila,#3314,2020
Sukitomo,#3315,2007
Lost,#3316,2013
Mr. Wacky,#3317,2006
Good Loser 2,#3318,2019
Queer Movie 20,#3319,2013
Come Rain Come Shine,#3320,2011
Sadako 3D,#3321,2012
Crush and Blush,#3322,2008
Tonight,#3323,2020
Weird Housemates,#3324,2015
From Here to There,#3325,2012
Hello My Love,#3326,2009
Timeline,#3327,2013
Going South,#3328,2012
Taiikukan Baby,#3329,2008
The Virgin Psychics,#3330,2015
Terra Formars,#3331,2016
Moratorium Tamako,#3332,2013
Shrill Cries of Summer,#3333,2008
Jealousy is My Guest,#3334,2016
Maybe It's Love,#3335,2022
Negative Happy Chainsaw Edge,#3336,2008
Sweet Sex and Love,#3337,2003
Sweet  Boy,#3338,2016
Love Is Not Easy to Have,#3339,2017
La Belle,#3340,2000
Fanatic Love,#3341,2016
Tomie,#3342,1999
Love Hunting,#3343,2016
Five Senses of Eros,#3344,2009
Boys Love,#3345,2006
Mind.,#3346,2017
The Raccoon,#3347,2016
Love Next Door 2,#3348,2015
Godzilla Raids Again,#3349,1955
Kinki,#3350,2014
"Don't Touch Me, Master Devil",#3351,2018
Cheaters,#3352,2007
Natalie,#3353,2010
Ghost Boyfriend,#3354,2016
Double Exposure,#3355,2024
"My Sister, My Love",#3356,2007
Ai no Tame ni Ikite: I Want You,#3357,2023
Gaze in Silence,#3358,2022
A Touch of Fever,#3359,1993
Father and Son,#3360,2015
Dom,#3361,2017
The Gigolo,#3362,2015
Amphetamine,#3363,2010
Spiral,#3364,2000
What Happened to Mr. Cha?,#3365,2021
Sweet Curse,#3366,2021
Dasepo Naughty Girls,#3367,2006
Nana and Kaoru: Chapter 2,#3368,2012
Real,#3369,2017
A Light Year,#3370,2018
Destruction Babies,#3371,2016
What You Believe,#3372,2018
The Imprisoned Love,#3373,2016
Heavens x Candy,#3374,2024
Love Next Door,#3375,2013
Utopians,#3376,2016
Love at First Sight,#3377,2016
LIE,#3378,2015
Twins,#3379,2024
Vampire Girl vs. Frankenstein Girl,#3380,2009
Moebius,#3381,2013
A Good Lawyer's Wife,#3382,2003
Futureless Things,#3383,2014
Good Loser,#3384,2019
Stateless Things,#3385,2012
5 Lessons in Happiness: Baby Maybe,#3386,2020
One Summer Night,#3387,2016
Alternative Love,#3388,2016
Let Me Kiss You,#3389,2017
Tomie Unlimited,#3390,2011
Some,#3391,2014
Quite Ordinary,#3392,2011
Grotesque,#3393,2009
Bite Fight,#3394,2016
Love Lesson,#3395,2013
The Shortest Distance Is Round 3: Fallen Flowers,#3396,2020
Aquarian Age,#3397,2008
Behind the Love,#3398,2023
Love Syndrome: The Beginning,#3399,2024
I'm Horny Now!,#3400,2014
Craving,#3401,2021
A Naked Boy,#3402,2015
You Used To Smile That Way,#3403,2009
So Refreshed!,#3404,2014
Before I Love You: Mek x Mork,#3405,2019
The Shortest Distance Is Round 2: Rain and Soda,#3406,2020
Attack on Titan: End of the World,#3407,2015
CEO and His Man,#3408,2015
The Story of the Stone,#3409,2018
Grand Guignol,#3410,2022
The Shortest Distance Is Round,#3411,2019
Red Wine in the Dark Night,#3412,2015
Nana and Kaoru,#3413,2011
Invitation,#3414,2013
Our First Time,#3415,2023
Military Dog,#3416,2018
Attack on Titan,#3417,2015
What’s Going on with My Sister?,#3418,2014
Hospital,#3419,2020
FMSM,#3420,2015
Sodom's Cat,#3421,2016
Let's Go to Rose Motel,#3422,2013
Thirty Years of Adonis,#3423,2017
Forbidden Love,#3424,2008
Midnight Screening with the Vampire,#3425,2014
Hot Gimmick,#3426,2019
Break,#3427,2020
Teacher and Student,#3428,2014
Gangnam Zombie,#3429,2023
Bittersweet Chocolate,#3430,2014
Floss,#3431,2019
Berlin Drifters,#3432,2017
Playboy (and the Gang of Cherry),#3433,2017
Back to the Past,#3434,2025
Blocking the Horse,#3435,2024
G Storm,#3436,2021
A Witness Out of the Blue,#3437,2019
When You Wish Upon A Star,#3438,2011
3 Colors Love Story,#3439,2006
Toshiue no Hito,#3440,2014
Love,#3441,1999
Monster,#3442,2013
Youth Talk,#3443,2013
Break Away,#3444,2010
Romance in Seoul,#3445,2014
If Tomorrow Comes,#3446,2015
Smiles in the Mirror,#3447,2015
Goodbye Day,#3448,2007
Bad Man,#3449,2015
Unexpected Love,#3450,TBA
Shukatsu,#3451,2016
Trick,#3452,2016
Woojoo's Christmas,#3453,2016
The Little Match Girl,#3454,2016
Elephant in the Room,#3455,2016
Love Say Hey,#3456,2016
Summer Song,#3457,2016
Mustard Chocolate,#3458,2017
Love Only,#3459,2018
The Old Cinderella 2,#3460,2015
The Actor and the Model,#3461,2016
Shinjuku Midnight Baby,#3462,2016
The Universe at My Toe Tips,#3463,2017
Journey to My Boy,#3464,2017
Gay Out Soon 2: Second Life,#3465,2013
Gay Out Soon,#3466,2012
More Painful Than Sadness,#3467,TBA
Sugar Café,#3468,2018
The Legend of Sun and Moon,#3469,TBA
The Soup,#3470,2018
The Name Game,#3471,2014
Along with the Gods 3,#3472,TBA
Along with the Gods 4,#3473,TBA
Love Dart,#3474,2019
The Weary Poet,#3475,TBA
"Farewell, My Lad",#3476,2021
Love Song 1980,#3477,2020
Euigon,#3478,2019
Flowers From the Ashes,#3479,2023
50 First Dates,#3480,TBA
Forever Love You,#3481,2014
Portrait of a Family,#3482,2026
Love Syndrome,#3483,TBA
Shining Days,#3484,TBA
Road Family,#3485,2020
The Legend of Nezha,#3486,TBA
Soulmate,#3487,2020
Bloody Buddy,#3488,TBA
"Kimi to, Tsuredure",#3489,2019
You Are My Arm,#3490,TBA
"Blue, Forest",#3491,2020
Guardian,#3492,TBA
Long Ye Qu,#3493,TBA
Our Joyful Summer Days,#3494,2020
Summer Déjà-vu,#3495,TBA
Novoland: Dragon Abyss,#3496,TBA
Tsunagare Radio: Our Rainy Days,#3497,2021
Hidden Love,#3498,2020
Take Care of My Mom,#3499,2022
Dragon City,#3500,TBA
Mr. Xia And Miss Shang,#3501,2021
Detective Chinatown 4,#3502,TBA
Immortal Species,#3503,2023
Shan He Biao Li,#3504,TBA
Fearsome,#3505,2021
Cattle Run,#3506,2026
Spaghetti Code Love,#3507,2021
Our Summer Poem,#3508,2020
I Believe in a Thing Called Love,#3509,TBA
Animal World 2,#3510,TBA
Love,#3511,2021
Detective Chinatown 5,#3512,TBA
Space Sweepers 2,#3513,TBA
The World for Two of Us,#3514,2022
"Everyday, We",#3515,2026
AcadeX,#3516,2025
Sea Village Cloud Pension,#3517,2024
Three Words,#3518,TBA
Drug Hunting,#3519,TBA
Swimming Bird,#3520,2020
"That Year, 162 Rainfalls",#3521,TBA
Rustle,#3522,2022
Starlight Is Falling,#3523,TBA
School Caste,#3524,2022
Reawaken Man: The Red,#3525,2026
"In Spring, Not in Autumn",#3526,TBA
Her Hobby,#3527,2023
Love Go Go Go!,#3528,2026
A Good Boy,#3529,2022
Young Hoon,#3530,2022
Big Dragon the Movie,#3531,TBA
Finding the King,#3532,TBA
Adulting at Eighteen,#3533,2023
Intercross,#3534,TBA
The Passenger,#3535,TBA
Tab,#3536,TBA
Boys Love: Omegaverse,#3537,2023
Dear Kitakyushu,#3538,2023
Mobuko no Koi,#3539,2026
The Wandering Earth 3,#3540,2027
White Blast,#3541,2026
Assassins,#3542,2026
Naebujadeul: Agindeurui Tansaeng,#3543,TBA
Night Fever,#3544,2026
The Journey to Gyeong-ju,#3545,2025
Allure of the Siren,#3546,TBA
Manji Reverse,#3547,2024
Seven O′Clock Breakfast Club for the Brokenhearted,#3548,2025
Daechi-dong Scandal,#3549,2024
The Decisive Moment,#3550,2026
Okay! Madam 2,#3551,2026
Be Yourself,#3552,2026
Blind Love,#3553,2025
The Table: Day and Night,#3554,2026
Michelle,#3555,2024
Hidden Love,#3556,2026
You've Worked Hard Today,#3557,2025
Killing Time,#3558,TBA
At Least We Had This Moment,#3559,2025
Tazza 4: The Song of Beelzebub,#3560,2026
Nan Hong,#3561,TBA
Creation of the Gods III,#3562,2027
My Name,#3563,2026
Hug Me,#3564,TBA
Boy,#3565,2025
Tristes Tropiques,#3566,2025
3 Days,#3567,2025
The Sword: Rebirth of the Red Wolf,#3568,2027
Intern,#3569,2026
Three of a Kind,#3570,2026
Kare no Hitomi ni Utsuru Boku,#3571,2025
The Generals,#3572,TBA
Kingdom 5,#3573,2026
Canvas of Blood,#3574,2026
Made in Itaewon,#3575,2026
Soulbound,#3576,2027
"My Tomorrow, Your Yesterday",#3577,2026
The Roundup 5,#3578,2027
Tygo,#3579,TBA
Kong Qiang,#3580,2026
Possible Love,#3581,2026
"You, Like a Star",#3582,2026
Paint You on My Bed Sheet,#3583,2027
Moral Family,#3584,2026
Yamaguchi-kun wa Warukunai,#3585,2026
Goding Hyeongsa,#3586,2027
Vampire,#3587,2028
Tea Lounge,#3588,TBA
The Presence,#3589,2026
Final Interview,#3590,2026
Judge Girl,#3591,2026
The Mysterious Candy Store Jun Chun Dang,#3592,2026
Chaser Game W: Suigyo no Majiwari,#3593,2026
Nambeol,#3594,TBA
Look Back,#3595,2026
Dochabi,#3596,TBA
Uri Taeyangeul Heundeulja,#3597,TBA
Shaving,#3598,2026
A Part of Me,#3599,2026
Paradise Lost,#3600,2026
In the Clear Moonlit Dusk,#3601,2026
Dad's Backdrop,#3602,2004
Magnifico,#3603,2003
Ren Xue Jun Xun,#3604,2017
Once Upon a Time in the Middle East,#3605,2026
Spirited Away,#3606,2001
Hachiko,#3607,2023
Bar Boys: After School,#3608,2025
Howl's Moving Castle,#3609,2004
Ne Zha 2,#3610,2025
Barber's Tales,#3611,2013
Endless Journey of Love,#3612,2025
Dear You,#3613,2026
Nagi's Island,#3614,2022
Green Bones,#3615,2024
Kijsada Paradise,#3616,2026
Gohan,#3617,2026
Tony,#3618,2014
Moral,#3619,1982
Honor Thy Father,#3620,2015
Road to Empress II,#3621,2026
Stand by Me,#3622,2024
Let Life Be Beautiful,#3623,2020
Ordinary Hero,#3624,2022
Godzilla Minus One/Minus Color,#3625,2024
Postmen in the Mountains,#3626,1999
2012,#3627,2019
Gomburza,#3628,2023
Little Q,#3629,2019
Psychological Warning Record: Gambler,#3630,2017
Hanran,#3631,2025
What's Wrong?,#3632,2026
Georgia,#3633,2020
Xuan Tian Feng Yun,#3634,2020
Aishite Imasu 1941 (Mahal Kita),#3635,2004
Sunny Sisters,#3636,2021
Moments of Love,#3637,2006
Ne Zha,#3638,2019
The Human Condition III: A Soldier's Prayer,#3639,1961
John Denver Trending,#3640,2019
When We Are Seventeen,#3641,2017
"The Ex-idol, Stuck in Life, Decided to Live with a Complete Stranger",#3642,2023
Gift from a Cloud,#3643,2025
Blue Lock,#3644,2026
In Search of Lost Time,#3645,2022
Call Me Mother,#3646,2025
Wonderful Nightmare,#3647,2026
The Human Condition I: No Greater Love,#3648,1959
Ne Zha Gui Lai,#3649,2024
Barefoot Ki Bong,#3650,2006
Walking To School,#3651,2009
Looking Up,#3652,2019
Return to Dust,#3653,2022
Peafowl,#3654,2022
Like a Rolling Stone,#3655,2024
Fragments of the Last Will,#3656,2022
Cleaners,#3657,2019
Okaeri,#3658,2025
On Your Mark,#3659,2021
Unforgettable,#3660,2022
The Covenant With Dragons 2,#3661,2019
Song of Spring,#3662,2022
In Just the Wink of an Eye,#3663,1981
Manila in the Claws of Light,#3664,1975
Liway,#3665,2018
Your Letter,#3666,2024
All about My Mother,#3667,2021
Miracle,#3668,1982
Unforgettable,#3669,2019
Wolf Hiding,#3670,2023
Garo: Taiga,#3671,2025
Ode to the Spring,#3672,2022
Sprout,#3673,2013
Family Matters,#3674,2022
After Love,#3675,2016
Post Truth,#3676,2022
A Mother's Touch,#3677,2022
Who Cares?: The Movie,#3678,2025
Three Sisters of Tenmasou,#3679,2022
Sunshine,#3680,2024
The King of Masks,#3681,1996
Happy Children,#3682,2021
Oni no Hanayome,#3683,2026
Quezon's Game,#3684,2019
The Human Condition II: Road to Eternity,#3685,1959
AI,#3686,2020
Mekhong Full Moon Party,#3687,2002
"Hang in There, Kids!",#3688,2016
The Heart,#3689,1955
The Bit Player,#3690,2013
Oro Plata Mata,#3691,1982
Revelation of True Colors,#3692,2020
A Change of Heart,#3693,2000
Red Beard,#3694,1965
Step,#3695,2020
Bar Boys,#3696,2017
Camp,#3697,2015
The Death Note,#3698,2016
Love at Night (Movie),#3699,2022
A Tale of Mari and Three Puppies,#3700,2007
Only We  Know,#3701,2025
We Are Champions,#3702,2019
Intense Love (Movie),#3703,2021
The Silent Service: The Battle of Arctic Ocean,#3704,2025
Brother,#3705,2019
Noodle Boxer,#3706,2006
It's OK,#3707,2026
Sonic the Hedgehog 3,#3708,2024
Nezha Conquers the Dragon King,#3709,2019
The Woman in the Storm,#3710,2023
Goyo: The Boy General,#3711,2018
After School,#3712,2023
Show Me the Way to the Station,#3713,2019
Please Be My Ear,#3714,2023
A Birth,#3715,2022
7 Days of Himawari & Her Puppies,#3716,2013
Dongji Island,#3717,2025
Omoide Shashin,#3718,2021
Anak,#3719,2000
Lan,#3720,2010
The Child,#3721,2016
Still Human,#3722,2018
University of Laughs,#3723,2004
Got 2 Believe,#3724,2002
He’s Into Her: The Movie Cut,#3725,2021
Twenty-Four Eyes,#3726,1954
Retrospect,#3727,2017
Good Morning,#3728,2022
Her Story,#3729,2024
Liberation,#3730,2019
My Sister,#3731,2021
Shiawase no Kiiroi Hankachi,#3732,1977
Gamera 3: Revenge of Iris,#3733,1999
Warm Hug,#3734,2020
The Blood Brothers,#3735,1973
App Love,#3736,2014
The Eighth Sense (Movie),#3737,2023
KANO,#3738,2014
The Moon,#3739,2023
Encore Martha,#3740,2021
Stay with Me,#3741,2016
New Year Express,#3742,2022
"Welcome Back, Mr. McDonald",#3743,1997
Love Machine,#3744,2023
The Sweet Taste of Salted Bread and Undies,#3745,2018
The Recorder Exam,#3746,2011
Another Family,#3747,2014
Caijin,#3748,2012
Nocebo,#3749,2022
Sazen Tange and the Pot Worth a Million Ryo,#3750,1935
Hi Brothers,#3751,2021
Dust-Man,#3752,2020
Knock Out,#3753,2020
Shaolin Martial Arts,#3754,1974
Umizaru 4: Brave Hearts,#3755,2012
Little Big Master,#3756,2015
If There Are No Cherry Blossoms In the World,#3757,2022
Not One Less,#3758,1999
My True Friends: The Beginning,#3759,2022
Because I Love You So,#3760,1998
Dersu Uzala,#3761,1975
Samurai Rebellion,#3762,1967
Metro Manila,#3763,2014
Picnic,#3764,2023
Quezon,#3765,2025
Abang Adik,#3766,2023
Summer Is the Coldest Season,#3767,2020
Moon Man,#3768,2022
A Good Child,#3769,2025
Angry Squad: The Civil Servant and the Seven Swindlers,#3770,2024
The Battleship Island: Extended Cut,#3771,2017
Birthday Wishes,#3772,2016
Embrace Again,#3773,2021
Firefly,#3774,2023
To the Starry Island,#3775,1993
Love Never Ends,#3776,2023
Water Boys,#3777,2021
Neverdie Butterfly,#3778,2013
Magic Temple,#3779,1996
Oi Handsome!!,#3780,2024
Casting Blossoms to the Sky,#3781,2012
Yes or No,#3782,2014
Labyrinth,#3783,2024
A Grandson from America,#3784,2012
Love And Redemption,#3785,2017
The Seventies,#3786,2002
Strawberry Moon,#3787,2025
Umbrella Man,#3788,2021
"So Long, My Son",#3789,2019
Wherever You Are,#3790,2005
After the Sunset,#3791,2019
The 35-Year Promise,#3792,2025
Confetti,#3793,2023
The Volunteers: Peace at Last,#3794,2025
Sansho the Bailiff,#3795,1954
Happy Together,#3796,1989
Trivial Matters,#3797,2017
Modern Psychology,#3798,2012
Mountain Cry,#3799,2016
Until We Meet Again,#3800,2026
Beating Heart,#3801,2022
Sonic the Hedgehog 2,#3802,2022
Blind Romance,#3803,1996
Taxi Driver,#3804,1977
Unbreakable,#3805,2019
The Letter,#3806,2004
Mr. Boss,#3807,2020
Single8,#3808,2023
Black Republic,#3809,1990
Beautiful Run,#3810,2021
Petals and Memories,#3811,2025
Moving,#3812,1993
Sabakan,#3813,2022
Die Beautiful,#3814,2016
Bakudan,#3815,2025
Jesus Is Dead,#3816,2017
Filipinas,#3817,2003
Metamorphosis,#3818,2019
Bunshinsaba Vs. Sadako 2,#3819,2017
Light for the Youth,#3820,2020
The Preparation,#3821,2017
Nobody's Perfect,#3822,2013
The Dumpling Queen,#3823,2025
The Only Mother,#3824,2003
One Summer Story,#3825,2021
The Professor's Beloved Equation,#3826,2006
Secret Lover: The Last Promise,#3827,2025
Sana Maulit Muli,#3828,1995
No.1 for You (Movie Version),#3829,2023
"Where Are We Going, Dad?",#3830,2014
A Foggy Tale,#3831,2025
Tora-san 50: Welcome Back,#3832,2019
The Return of the Lame Hero,#3833,2025
NMB48 Geinin! The Movie Returns,#3834,2014
Felix Manalo,#3835,2015
Resurrection,#3836,2025
Kamen Rider Drive Saga: The Story of Kamen Rider Mach's Dream,#3837,2016
"My People, My Homeland",#3838,2020
Shaolin and Wu Tang,#3839,1981
A Thousand Years of Good Prayers,#3840,2007
Tora-san 28: Promise,#3841,1981
Through Night and Day,#3842,2018
3670,#3843,2025
Heavy Craving,#3844,2019
Angel Flight: The Movie,#3845,2026
Always Have Always Will,#3846,2025
In My Life,#3847,2009
"Fly, Skating Star",#3848,2022
Tora-san 11: Forget Me Not,#3849,1973
The Volunteers: The Battle of Life and Death,#3850,2024
Billie and Emma,#3851,2018
Night Flower,#3852,2025
Alivehoon,#3853,2022
The Friends,#3854,1994
Smells Like Green Spirit the Movie,#3855,2025
Article 20,#3856,2024
Shaolin Popey 1,#3857,1994
"Have Sword, Will Travel",#3858,1969
Kung Fu Girl,#3859,1973
Tora-san 29: Hearts and Flowers for Tora-san,#3860,1982
Yudo,#3861,2023
Forensic Doctor Song Ci,#3862,2022
The Last Goodbye,#3863,2025
Wasabi,#3864,2001
Hell is Other People,#3865,2019
Grandma Igna,#3866,2019
Peking Opera Blues,#3867,1986
A Useful Ghost,#3868,2025
Letter from the Mountain,#3869,2002
A Better Youth,#3870,2021
A Journey,#3871,2024
The Adventures of Milo and Otis,#3872,1986
Painted Faces,#3873,1988
Miracle Apples,#3874,2013
Remember Me,#3875,2024
Our New Life,#3876,2021
Ping-Pong of China,#3877,2023
Echoes of the Rainbow,#3878,2010
Cow,#3879,2009
Tora-san 25: Tropical Fever,#3880,1980
Trip,#3881,2001
Center Stage,#3882,1991
Hill of No Return,#3883,1992
Anita's Last Cha-Cha,#3884,2013
Ano Hito ga Kieta,#3885,2024
Postman Blues,#3886,1997
Kung Fu Soccer,#3887,2026
Dearest,#3888,2014
Tokyo MER: Mobile Emergency Room - Nankai Mission,#3889,2025
In Youth We Trust,#3890,2024
And the Breadwinner Is…,#3891,2024
The Warlord of the Sea,#3892,2021
Dad's Lunch Box,#3893,2017
Bus 44,#3894,2001
Bishu: Sekai de Ichiban Yasashi Fuku,#3895,2024
Midnight Swan,#3896,2020
Flying Dagger,#3897,1993
Bring Him Down to a Portable Size,#3898,2025
Coming Home,#3899,2014
Moonshine,#3900,2020
Made-up Story,#3901,2021
Detchiage: Satsujin Kyoshi to Yobareta Otoko,#3902,2025
GARO: Moonbow Traveler,#3903,2019
Jade Goddess of Mercy,#3904,2003
The Tin Mine,#3905,2005
About Us but Not About Us,#3906,2022
The Nightingale,#3907,2013
"I Love You, If That's Okay",#3908,1998
Abakada Ina,#3909,2001
Move to Mind,#3910,2022
Assembly,#3911,2007
Early Summer,#3912,1951
In Broad Daylight,#3913,2023
A Writer's Odyssey 2,#3914,2025
Samurai III: Duel at Ganryu Island,#3915,1956
José Rizal,#3916,1998
Swords Drawn,#3917,2022
Neko to Jiichan,#3918,2019
Rainbow's Sunset,#3919,2018
The Ballad of Narayama,#3920,1958
The Man Who Stole the Sun,#3921,1979
"Tora-san 26: Foster Daddy, Tora!",#3922,1980
Electric Shadows,#3923,2004
Memoria,#3924,2021
The Fire Raven,#3925,2025
Radio Star,#3926,2006
Sonic the Hedgehog,#3927,2020
Back,#3928,2022
All Fake,#3929,2025
Dreams Come True,#3930,2010
Challenge of the Masters,#3931,1976
A Journey of Happiness,#3932,2019
Pegasus 3,#3933,2026
Broken Commandment,#3934,2022
I Swear,#3935,2025
Sassy Player,#3936,2009
Prior Convictions,#3937,2022
He-Low the Second,#3938,2019
White Snake,#3939,2019
Wangan Midnight,#3940,1991
Those That Follow,#3941,2022
Guardian,#3942,2014
A Day,#3943,2011
Once upon a Star,#3944,2023
Samurai II:  Duel at Ichijoji Temple,#3945,1955
Shaolin Popey 3,#3946,1995
461 Days of Bento: A Promise Between Father and Son,#3947,2020
Love Education,#3948,2017
Gamera 2: Advent of Legion,#3949,1996
Heaven's Waiting,#3950,2018
Our Departures,#3951,2018
Kay Tagal Kang Hinintay,#3952,1998
Heaven: To the Land of Happiness,#3953,2021
Living in Two Worlds,#3954,2024
Balota,#3955,2024
Lost in Time,#3956,2003
Koo Gum,#3957,1988
A Class to Remember Season 2: The Learning Circle,#3958,1996
The Thirteen Generals of Han: The Battle of Shu Lei,#3959,2019
Second Life,#3960,2024
The Message,#3961,2009
Unexpected Family,#3962,2026
Love Island,#3963,2025
The Goddess,#3964,1934
Happiness,#3965,2021
Swallowtail Butterfly,#3966,1996
Bwakaw,#3967,2012
Navigation,#3968,2014
The Wild Blade of Strangers,#3969,2024
All Tomorrow's Parties,#3970,2022
Vanishing Point,#3971,2026
The Last Tycoon,#3972,2013
Sid and Aya: Not a Love Story,#3973,2018
Oshi ga Budokan Ittekuretara Shinu Eiga,#3974,2023
The Yin and Yang Formula,#3975,2018
Pali Road,#3976,2016
There’s Always a Soft Spot,#3977,2016
Yuwol Universe: I Wanna Dance with Somebody,#3978,2020
Late Blossom,#3979,2011
Samurai Fiction,#3980,1998
Mulawin: The Movie,#3981,2005
My Youth and I,#3982,2023
Love's Water Drop,#3983,2018
Tora-san 27: Love in Osaka,#3984,1981
18 Youth,#3985,2024
Nice to Never Meet You,#3986,2023
Gezhi Town,#3987,2025
Festival,#3988,2020
Serpent Beauty,#3989,2025
The Lychee Road,#3990,2025
Twenty Again,#3991,2016
Ocha wo Tsugu,#3992,2021
The Bad Sleep Well,#3993,1960
Miss Andy,#3994,2020
Shower,#3995,1999
Day Off,#3996,2023
Aozora Musume,#3997,1957
A Wild Apricot,#3998,2021
Warriors of the Rainbow: Seediq Bale II - Rainbow Bridge,#3999,2011
Jenius: Deadly Interference,#4000,2018
The Last Blossom,#4001,2011
Last Song for You,#4002,2024
Two in the Shadow,#4003,1967
Man of Will,#4004,2017
Doll House,#4005,2022
Muro Ami,#4006,1999
Angry Son,#4007,2022
Kyu Ju Sai. Nani ga Medetai,#4008,2024
"Where Are We Going, Dad? 2",#4009,2015
Markova: Comfort Gay,#4010,2000
Crying Ladies,#4011,2004
Antarctica,#4012,1983
The Amazing Journey of the Letters,#4013,2016
And So We Put Goldfish in the Pool,#4014,2017
A Guilty Conscience,#4015,2023
Mishima: A Life in Four Chapters,#4016,1985
"Sarah, the Little Princess",#4017,1995
Magic Hour,#4018,2017
Alien: My Shadow,#4019,2016
Supermarket Woman,#4020,1996
Ultimate Thief Gang: A Game of Thieves,#4021,2016
The Life of Oharu,#4022,1952
Hiroshima,#4023,1953
Death Come True,#4024,2020
Tokyo Taxi,#4025,2025
I Like You With All My Hypothalamus,#4026,2018
A Special Memory,#4027,2026
Summer's Camera,#4028,2025
Xuan Zang,#4029,2016
Cherries,#4030,2007
Satorare: Tribute to a Sad Genius,#4031,2001
The Caller,#4032,2024
Tokyo Twilight,#4033,1957
Unbeatable,#4034,2013
DOOR,#4035,2020
Shaolin Popey 2: Messy Temple,#4036,1994
Kekexili: Mountain Patrol,#4037,2004
Girl on Edge,#4038,2025
Death Song,#4039,1991
Sunshine of My Life,#4040,2021
Umizaru 2: Limit of Love,#4041,2006
Big Mouth,#4042,2013
The Face of Jizo,#4043,2004
Stray Dog,#4044,1949
Never Say Never,#4045,2023
Banyuki,#4046,2010
Outlaw: Gangster VIP,#4047,1968
Darkness,#4048,2018
Across the Furious Sea,#4049,2023
Voice,#4050,2021
Sound of the Mountain,#4051,1954
I'm Livin' It,#4052,2019
Tora-san 6: Shattered Romance,#4053,1971
Tora-san 15: Rise and Fall,#4054,1975
Singing When We're Young,#4055,2013
The Eternal Breasts,#4056,1955
The Comeback,#4057,2023
Tora-san 7: The Good Samaritan,#4058,1971
Puppet,#4059,2024
Black Dog,#4060,2024
Labyrinth of Cinema,#4061,2020
Always,#4062,2022
"My Country, My Parents",#4063,2021
Mickey on the Road,#4064,2020
"404 Still Remain, Our 5 Minutes",#4065,2024
Bath Buddy,#4066,2020
When a Woman Ascends the Stairs,#4067,1960
Be Somebody,#4068,2021
Dance of the Drunk Mantis,#4069,1979
Pierce,#4070,2024
Tora-san 2: Cherished Mother,#4071,1969
Sisterhood,#4072,2017
Yumi's Cells the Movie,#4073,2024
Space Squad: Space Sheriff Gavan vs. Tokusou Sentai Dekaranger,#4074,2017
Blood of Youth,#4075,2016
Star Watching Dog,#4076,2011
Lolo and the Kid,#4077,2024
Pastoral: To Die in the Country,#4078,1974
Perfect Propose: Dream Edition,#4079,2024
Bakuage Sentai Boonboomger vs. King-Ohger,#4080,2025
Zatoichi and the Chest of Gold,#4081,1964
Takano Tofuten no Haru,#4082,2023
Kyojo: Reunion,#4083,2026
Madrasta,#4084,1996
Minamata,#4085,2020
"Yunagi City, Sakura Country",#4086,2007
11 Samurai,#4087,1967
The Tale of Zatoichi,#4088,1962
My Daddy,#4089,2021
The Fish Tale,#4090,2022
Futari,#4091,1991
The Cherry Orchard,#4092,1990
The Adventure,#4093,2025
Katsuben!,#4094,2019
Green Snake,#4095,2021
Shutter: Photo Spirit Hunt,#4096,2008
Hiroshima Mon Amour,#4097,1959
Rouge,#4098,1987
Running Out of Time,#4099,1999
Crippled Avengers,#4100,1978
The Eight Diagram Pole Fighter,#4101,1984
The Road,#4102,2011
Fairy Dance,#4103,2021
Mrs. Noisy,#4104,2020
Ode to Nothing,#4105,2018
"What A Wonderful Family! 3: My Wife, My Life",#4106,2018
Milan,#4107,2004
Gajimaru Restaurant's Love,#4108,2014
Begging for Love,#4109,1998
Tora-san 19: Meets His Lordship,#4110,1977
Mila,#4111,2001
Jenius: Countdown in the Riddle,#4112,2018
Paper Flower,#4113,2020
A Journey to the Seaside,#4114,2019
Me before We,#4115,2019
This Is Kung Fu,#4116,1984
Lover of the Last Empress,#4117,1995
Work in Vain Song Ci,#4118,2021
Dreaming of the Meridian Arc,#4119,2022
Gimik: The Reunion,#4120,1999
Di Renjie's Heavenly Palace Mirage,#4121,2024
The Woman in the Septic Tank,#4122,2011
Magic Kingdom,#4123,1997
Tomica Hero: Rescue Force The Movie: Rescue The Mach Train!,#4124,2008
Bonifacio: Ang Unang Pangulo,#4125,2014
Nakimushi Shottan no Kiseki,#4126,2018
Boxer from Shantung,#4127,1972
Dee Tau Jai,#4128,2017
Always: Sunset on Third Street 3,#4129,2012
Born with It,#4130,2014
Tricky Brains,#4131,1991
Uchuu Sentai Kyuranger vs Space Squad,#4132,2018
Last Hero in China,#4133,1993
Death by Hanging,#4134,1968
The Time of Huannan,#4135,2023
The Sword of Doom,#4136,1966
Lifting King Kong,#4137,2009
Zatoichi's Conspiracy,#4138,1973
A Werewolf Boy,#4139,2026
A Samurai in Time,#4140,2024
Dear Family,#4141,2024
The War Records of Deification,#4142,2018
Drunken Angel,#4143,1948
Ninjani Calling on! Fight Towards the Future,#4144,2014
7 Days,#4145,2018
Silly Red Shoes,#4146,2019
Quill,#4147,2004
The Blood of Wolves Level 2,#4148,2021
Late Autumn,#4149,1960
A Second Chance,#4150,2015
My Home Hero,#4151,2024
A Girl Named Ann,#4152,2024
Mio's Cookbook,#4153,2020
Tenchi: The Samurai Astronomer,#4154,2012
Merry Christmas,#4155,1984
Birth,#4156,2022
Zenbu of Tokyo,#4157,2024
About Family,#4158,2024
A Haunting Hitchhike,#4159,2019
The New Legend of Shaolin,#4160,1994
Ultraman Arc the Movie: The Clash of Light and Evil,#4161,2025
Legend of the Mountain,#4162,1979
The Bullet Train,#4163,1975
The Gentle 12,#4164,1991
"Lust, Caution",#4165,2007
Dead Pigs,#4166,2018
Trap by Seo In Guk,#4167,2023
Too Cool to Kill,#4168,2022
The Time Agent,#4169,2016
What Happened to Our Nest Egg!?,#4170,2021
Under the Flag of the Rising Sun,#4171,1972
Growing Pains,#4172,2017
Radio Romance,#4173,1996
Kimi no Kao de wa Nakenai,#4174,2025
About Youth,#4175,2018
"Apat Dapat, Dapat Apat",#4176,2007
Street of Shame,#4177,1956
Bakuryuu Sentai Abaranger 20th: The Unforgivable Abare,#4178,2023
Dragon Sword: Outlander,#4179,2021
Mozart from Space,#4180,2022
Eureka,#4181,2000
My Memories of Old Beijing,#4182,1983
"Just a Job, Nothing More",#4183,2026
Bangkok Sweety,#4184,2011
Sheep without a Shepherd,#4185,2019
MOMOL Nights,#4186,2019
Hail the Judge,#4187,1994
Pocong JD,#4188,2024
Mr. & Mrs. Cruz,#4189,2018
Yearning,#4190,1964
Doctor-X The Movie FINAL,#4191,2024
Shaolin Temple 2: Kids from Shaolin,#4192,1984
Love at First Stream,#4193,2021
Tora-san 13: Lovesick,#4194,1974
Tora-san 22: Talk of the Town Tora-san,#4195,1978
My Heavenly City,#4196,2023
Home Coming,#4197,2022
Family Matters,#4198,2025
"Meet, Greet & Bye",#4199,2025
Seven Weeks,#4200,2014
Kindaichi Shonen no Jikenbo: Shanghai Ningyo Densetsu,#4201,1997
Welcome to the Village,#4202,2025
Taipei Suicide Story,#4203,2020
Exiled,#4204,2006
Vigilante,#4205,2017
Operation Hadal,#4206,2025
Demon Subduing Division 4,#4207,2022
"Chances Are, You and I",#4208,2024
The Two Mrs. Reyes,#4209,2018
Devils on the Doorstep,#4210,2000
More Than Blue,#4211,2021
Insiang,#4212,1976
A Distant Cry from Spring,#4213,1980
Song of the Exile,#4214,1990
Black School Rules,#4215,2019
Hey Babe!,#4216,1999
125 Years Memory,#4217,2015
Born to Fight,#4218,2004
Home,#4219,2018
Tylenol,#4220,2015
Memories Of Tomorrow,#4221,2006
Old Fox,#4222,2023
The Voice of Sin,#4223,2020
Meet Me in St. Gallen,#4224,2018
Fights Break Sphere 2,#4225,2023
School Meals Time Final Battle,#4226,2020
An Autumn Afternoon,#4227,1962
5 Million Dollar Life,#4228,2019
Gift of Fire,#4229,2021
Boat People,#4230,1982
Made in Hong Kong,#4231,1997
Shaolin Temple 3: Martial Arts of Shaolin,#4232,1986
The Swordsman 2,#4233,1992
Nightfall,#4234,2012
Mamu; and a Mother Too,#4235,2018
Guilt By Design,#4236,2019
Where the Wind Settles,#4237,2015
Me & My Brother’s Mistress,#4238,2019
Snow Paths,#4239,2016
The Way We Talk,#4240,2024
My Dad is a Heel Wrestler,#4241,2018
He Who Is without Sin,#4242,2020
The King of Sniper: Assassination,#4243,2023
Kikai Sentai Zenkaiger vs. Kiramager vs. Senpaiger,#4244,2022
Mashin Sentai Kiramager vs. Ryusoulger,#4245,2021
We're the Bounty Hunter Troupe,#4246,2014
Love And Goodbye And Hawaii,#4247,2017
When I Turned Nine,#4248,2004
Zatoichi,#4249,1989
A Long Goodbye,#4250,2019
Khun Phan 3,#4251,2023
Life Hotel,#4252,2024
Dare Yori mo Tsuyoku Dakishimete,#4253,2025
Swords of Legends: Fu Mo Ji,#4254,2020
Love Sick: The Movie,#4255,TBA
Go! Boys High School Drama Club,#4256,2011
The Hedgehog,#4257,2024
Thunder General Sha Wu Jing,#4258,2020
The Takatsu River,#4259,2022
On the Run,#4260,1988
Breezy Day,#4261,2024
Love Transplantation,#4262,2012
Shabon Dama,#4263,2017
The Sparring Partner,#4264,2022
We Girls,#4265,2025
Ultraman Tiga: The Final Odyssey,#4266,2000
Onimasa,#4267,1982
Blade of Fury,#4268,2024
Young and Dangerous,#4269,1996
The Winners,#4270,2020
Fall in Love,#4271,2013
Whistleblower,#4272,2019
Welcome to the Game,#4273,2024
Kung Fu Mahjong 2,#4274,2005
Keep Your Hands Off Eizouken!,#4275,2020
From the Heart,#4276,1999
Sakamoto Days,#4277,2026
Crossing a Dawn,#4278,2026
Flag in the Mist,#4279,1965
Kontora,#4280,2021
Never Stop,#4281,2021
The Lotto Winner,#4282,2026
Touken Ranbu 2,#4283,2023
Napat,#4284,2021
Endless Journey,#4285,2023
"Breakup Probation, A Week",#4286,2020
My Dream Class,#4287,2018
I Want to Be a Shellfish,#4288,2008
Railroad Man,#4289,1999
Etiquette for Mistresses,#4290,2015
Mama's Girl,#4291,2018
What A Wonderful Family! 2,#4292,2017
Mongol: The Rise of Genghis Khan,#4293,2007
The Triumphant Return of General Rouge,#4294,2009
Crying Freeman,#4295,1995
Pegasus 2,#4296,2024
Way to Find the Best Life,#4297,2019
"Excuse Me, Miss, Miss, Miss",#4298,2019
Samurai I: Musashi Miyamoto,#4299,1954
Pumpkin Time (Movie),#4300,2022
Snow Prince,#4301,2009
Land of Happiness,#4302,2024
There Was a Father,#4303,1942
The Trial,#4304,2014
The Boys,#4305,2022
One More Chance,#4306,2023
Us at the End of the Year,#4307,2019
The Ballad of Narayama,#4308,1983
May 14th,#4309,2018
Kung Ako Na Lang Sana,#4310,2003
Tsuyukusa,#4311,2022
Silver Apricot,#4312,2024
The Boy and the Dog,#4313,2025
The Castle of Sand,#4314,1974
Shakespeare in Tokyo,#4315,2018
Meet Mr. Daddy,#4316,2007
To Be with You,#4317,2021
Oh My God Father,#4318,2020
Chinese Doctors,#4319,2021
Panor 2,#4320,2026
Umizaru 3: The Last Message,#4321,2010
Instant Daddy,#4322,2023
Team Batista Final Kerberos' Portrait,#4323,2014
The Story of Qiu Ju,#4324,1992
Getting Home,#4325,2007
The Children of Huang Shi,#4326,2008
The Kung Fu Scholar,#4327,1994
Lord Eagle,#4328,2022
13 Assassins,#4329,1963
Malice,#4330,2025
Anchor Baby,#4331,2020
Black Rain,#4332,1989
Tween Academy: Class of 2012,#4333,2011
Under the Tower,#4334,2018
Dorm,#4335,2006
Crisis Negotiators,#4336,2024
Forevermore,#4337,2002
My Perfect You,#4338,2018
Frozen,#4339,2010
The Long Excuse,#4340,2016
Only Cloud Knows,#4341,2019
Kimmy Dora: Kambal sa Kiyeme,#4342,2009
Kamen Rider Ex-Aid: Final Stage,#4343,2018
Turn,#4344,2001
Fights Break Sphere 3,#4345,2024
King Naresuan 5: Elephant Battle,#4346,2014
Killer Maid,#4347,2017
Brotherhood of Blades,#4348,2019
Manay Po!,#4349,2006
Till There Was You,#4350,2003
"Onoda: 10,000 Nights in the Jungle",#4351,2021
The Exorsis,#4352,2021
Side Seeing,#4353,2022
The Lone Ume Tree,#4354,2021
Wing Chun,#4355,1994
Romang,#4356,2019
Bayside Shakedown 4: The Final,#4357,2012
Birdshot,#4358,2016
Intimates,#4359,1997
Mismatched Couples,#4360,1985
Holy Punch,#4361,2024
Gaga,#4362,2022
Youth Dinner,#4363,2017
Dear Dakanda,#4364,2005
A Place Called Silence,#4365,2022
The Blue Kite,#4366,1993
Sigaw,#4367,2004
Summer,#4368,2022
Superior Ultraman 8 Brothers,#4369,2008
Ouija,#4370,2007
Trending Topic,#4371,2023
Edward,#4372,2019
Dragon Hunter,#4373,2020
The Last Chance: Diary of Comedians,#4374,2013
Himitsu no Nacchan,#4375,2023
Intolerance,#4376,2021
Legend of Detective Dee,#4377,2023
Battle of Okinawa,#4378,1971
The Geisha House,#4379,1999
Sa 'yo Lamang,#4380,2010
Daily Fantasy,#4381,2021
Flash Over,#4382,2023
Kill!,#4383,1968
"My People, My Country",#4384,2019
My Big Love,#4385,2008
Wrath of Silence,#4386,2018
A Garden of Camellias,#4387,2021
Lingering Spirits,#4388,2014
Devoted Husband Miyamoto,#4389,2017
People and Meat,#4390,2025
Stay Mum,#4391,2024
Yaya & Angelina: The Spoiled Brat,#4392,2009
Equinox Flower,#4393,1958
Lost Love,#4394,2022
Fist of Fury 2,#4395,1979
I Will Wait for You In Heaven,#4396,1991
Fleeing by Night,#4397,2000
"Tokyo Tower: Mom & Me, and Sometimes Dad",#4398,2007
After Spring,#4399,2018
Gilsotteum,#4400,1986
"Sorry, Thank you",#4401,2011
Let the Love Begin,#4402,2005
Loving Someone,#4403,1993
How Dare You?,#4404,2025
Sada,#4405,1998
Grandpa's Love,#4406,1995
Somebody's Flowers,#4407,2022
Mujigae,#4408,2024
Tokyo Pop,#4409,1988
Memory,#4410,2024
Watergate Bridge,#4411,2022
Love Barista,#4412,2025
Our Future,#4413,2011
Labyrinth of Dreams,#4414,1997
Elixir of Love,#4415,2004
Gekijoban Kimi to Sekai ga Owaru Hi ni Final,#4416,2024
Samurai Assassin,#4417,1965
The Secret,#4418,2016
Fly Me to the Moon,#4419,2023
The Love Story of Chun Hyang,#4420,1961
Seeing Nara Again,#4421,2020
Saan Ako Pinaglihi?,#4422,2024
My Gift,#4423,2017
My Sons,#4424,1991
The Immortal Stone of Nirvana,#4425,2020
Ninkyo Helper,#4426,2012
Security Unlimited,#4427,1981
Nidaime wa Nyuhafu,#4428,2013
A Diamond in the Rough,#4429,2019
All Shall Be Well,#4430,2024
Lost on Journey,#4431,2010
Pee Nak 5,#4432,2026
Dodesukaden,#4433,1970
Ultraman Mebius & Ultra Brothers,#4434,2006
Asura,#4435,2018
Ju Dou,#4436,1990
Bayside Shakedown: The Movie,#4437,1998
King Naresuan 3: Naval Battle,#4438,2011
He Is My Brother,#4439,2023
WalangForever,#4440,2015
Dragon Gate Inn,#4441,1967
Tora-san 10: Dream Come True,#4442,1972
Gone With The Light,#4443,2019
I Love You Two,#4444,2016
The Legend of Shanyu Town,#4445,2020
Hurdle,#4446,2025
The Fault Is Not Yours,#4447,2019
Mojin: Kunlun Shrine,#4448,2020
Zatoichi in Desperation,#4449,1972
Sideline,#4450,2015
The Chef of South Polar,#4451,2009
Fagara,#4452,2019
Who's the Suspect,#4453,2023
Rhapsody in August,#4454,1991
Miracle,#4455,2018
Tumbleweed,#4456,2013
Happy Ghost 2,#4457,1985
Youth,#4458,2017
Sasaki in My Mind,#4459,2020
Do Unto Others,#4460,2023
A Balance,#4461,2020
Focus,#4462,2017
The Legend of Yang Jian,#4463,2022
Ichikei's Crow: The Movie,#4464,2023
The One,#4465,2025
A Stranger of Mine,#4466,2005
National Security,#4467,2012
The Mystery of Jade,#4468,2024
SP: The Motion Picture The Final Episode,#4469,2011
Schemes in Antiques,#4470,2021
My Sassy Deskmate,#4471,2016
Fighting,#4472,2014
My Other Home,#4473,2017
Back to 1942,#4474,2012
Forgotten,#4475,2012
Run! T High School Basketball Club,#4476,2018
Cedie,#4477,1996
Waiting for My Cup of Tea,#4478,2021
It's A Flickering Life,#4479,2021
Johnny Keep Walking!,#4480,2023
Lost and Found,#4481,2021
Gift,#4482,2014
What About My Heart?,#4483,1997
Masked Hearts,#4484,2023
Lump of Sugar,#4485,2006
Guardians of the Night,#4486,2016
Bokura wa Jinsei de Ikkai dake Maho ga Tsukaeru,#4487,2025
Hommage,#4488,2021
The Haunting 2,#4489,2023
Reversed Destiny,#4490,2024
Weeds on Fire,#4491,2016
Houkago Soda Biyori Tokubetsuban,#4492,2019
Fights Break Sphere 4,#4493,2025
Royal Tramp 2,#4494,1992
The Lord of the Monsters,#4495,2024
The Eyes,#4496,2026
A Midsummer's Fantasia,#4497,2015
Special Actors,#4498,2019
Silent Witness,#4499,2013
Ilo Ilo,#4500,2013
Young and Dangerous 3,#4501,1996
Love Undercover,#4502,2002
The Pye-Dog,#4503,2007
The Male Fairy Fox of Liaozhai 3,#4504,2022
Look Up and See Joy,#4505,2023
Lightning,#4506,1952
Found,#4507,2016
The Last Man the Movie: First Love,#4508,2025
Soft Hearts,#4509,1998
Dragon Hunter,#4510,2020
Mother-in-law,#4511,2019
Tiger Cage 2,#4512,1990
Rebellious Teenagers,#4513,2015
On the Job,#4514,2013
36,#4515,2012
Sheep without a Shepherd 2,#4516,2021
Die Tomorrow,#4517,2017
Line Walker 2: Invisible Spy,#4518,2019
Caregiver,#4519,2008
The Blood of Wolves,#4520,2018
The Light,#4521,2016
Bruce Lee in G.O.D.: Shiboteki yuki,#4522,2001
Silence Has No Wings,#4523,1966
Fist of Fury: Soul,#4524,2021
The Uniform,#4525,2024
Kamen Rider Gavv: Guilty Parfait,#4526,2025
He-Low,#4527,2018
Gamera: Guardian of the Universe,#4528,1995
King Naresuan 4: The Nanda Bayin War,#4529,2011
Forever Young,#4530,2018
Joking Jazz 5G,#4531,2018
Warriors of the Rainbow: Seediq Bale,#4532,2011
One True Pair,#4533,2021
Hotaru no Hoshi,#4534,2004
The Monk and the Gun,#4535,2023
Gyoza You Can Kiss,#4536,2018
Tora-san 20: Plays Cupid,#4537,1977
The Shape of Night,#4538,1964
Taxi Driver,#4539,2004
Sheep without a Shepherd 3,#4540,2024
The Sting of Death,#4541,1990
Female Convict Scorpion: Jailhouse 41,#4542,1972
Control,#4543,2013
Art of the Devil: Beginning,#4544,2025
I Love You,#4545,2022
Don't Look Back,#4546,2006
When the Tide Rises,#4547,2021
The Time to Live and the Time to Die,#4548,1985
12 Citizens,#4549,2015
Muddy River,#4550,1981
"Don't Cry, Mr. Ogre",#4551,2019
The Ultimate Duo,#4552,2026
The Narrow Road,#4553,2022
House of the Seasons,#4554,2023
Deep in the Heart,#4555,2014
The Haunting 3,#4556,2023
Penguins at North Pole,#4557,2013
Pard 888,#4558,2016
Get in the Dark,#4559,2023
Being Good,#4560,2015
Fires on the Plain,#4561,1959
The Cave,#4562,2019
Lines,#4563,2020
"We're Broke, My Lord!",#4564,2023
The Butterfly Lovers,#4565,1994
Papa,#4566,2023
One-Armed Swordsman,#4567,1967
Single Lady,#4568,2015
Snow on the Blades,#4569,2014
Dear Other Self,#4570,2017
The Solitary Gourmet,#4571,2024
Angels of Vengeance: Blood Trail,#4572,2023
Cherry Tomato,#4573,2008
Samurai Shifters,#4574,2019
Game Start,#4575,2026
Champ,#4576,2011
Superstar Mr Gam,#4577,2004
Melody of a Dream,#4578,2024
Delicious Romance,#4579,2023
Floating Clouds,#4580,1955
Pure White,#4581,2017
Wait 'Til You're Older,#4582,2005
Kakukaku Shikajika,#4583,2025
Design of Death,#4584,2012
To Love Again,#4585,1983
Raining in the Mountain,#4586,1979
Petra the Horse,#4587,2010
Zone Pro Site: The Moveable Feast,#4588,2013
God of Gamblers' Return,#4589,1994
Help Me,#4590,2016
A Lonely Island in the Distant Sea,#4591,2021
"Lucky, Apartment",#4592,2024
Prison on Fire 1,#4593,1987
Descendant of the Sun,#4594,1983
The Beast in the River,#4595,2023
The Samurai and the Prisoner,#4596,2026
Snow Trail,#4597,1947
Tsuyako,#4598,2011
The Volunteers: To the War,#4599,2023
Elise: Inspired by A True Story,#4600,2019
The Detective,#4601,2007
Love List,#4602,2025
Lost in Thailand,#4603,2012
Hyphen,#4604,2023
The Crucified Lovers,#4605,1954
The Cliche,#4606,2024
The Only Mother to All of You,#4607,2008
Knock Knock,#4608,2021
You Changed My Life,#4609,2009
Almost a Comedy,#4610,2019
Dear,#4611,2017
Ultraman Blazar the Movie: Tokyo Kaiju Showdown,#4612,2024
I Have a Secret,#4613,2025
The People Upstairs,#4614,2025
Gekijouban Kamen Teacher,#4615,2014
Beautiful Boxer,#4616,2004
Tomorrow's Dining Table,#4617,2021
Limbo,#4618,2021
Love Stuck,#4619,2024
Shura,#4620,1971
B for Busy,#4621,2021
City Hunter,#4622,1979
Samurai's Promise,#4623,2018
Jaifu Story,#4624,2022
The Quiet Duel,#4625,1949
Cash Calls Hell,#4626,1966
Night Watcher,#4627,2015
Godzilla Appears at Godzilla Fest,#4628,2020
Shodo Girls: Blue Blue Sky,#4629,2010
My Secret Cache,#4630,1997
Peak: The Rescuers,#4631,2011
My Heart,#4632,2000
Sophie's World,#4633,2022
Mikazuki to Neko,#4634,2024
Twilight,#4635,1994
Three Outlaw Samurai,#4636,1964
Oversize Cops,#4637,2017
Showtime 7,#4638,2025
Dreams of Getting Rich,#4639,2021
Youth 2,#4640,2019
Bunt,#4641,2007
Overheard,#4642,2009
Kaede,#4643,2025
James & Pat & Dave,#4644,2020
Tora-san 8: Love Call,#4645,1971
Tora-san 14: Lullaby,#4646,1974
Tropical Fish,#4647,1995
"K'na, the Dreamweaver",#4648,2014
Cabriolet,#4649,2022
The Little Comedian,#4650,2010
A Taxing Woman,#4651,1987
See You,#4652,2024
Jenius: The Second J,#4653,2018
Zatoichi's Pilgrimage,#4654,1966
The Lion Standing in the Wind,#4655,2015
Cliff Walkers,#4656,2021
Black Night,#4657,2006
All for the Winner,#4658,1990
Romantic Blue,#4659,1995
A Legendary Love of China,#4660,2019
Sparrow,#4661,2008
Hankyu Railway – A 15-Minute Miracle,#4662,2011
Kuroneko,#4663,1968
Revenge Girl,#4664,2022
My Amanda,#4665,2021
I Believe,#4666,2023
Monday,#4667,2000
While You Were Sleeping,#4668,2024
A Class to Remember,#4669,1993
Top Girls,#4670,2016
Maru,#4671,2024
Wedding High,#4672,2022
New Dragon Gate Inn,#4673,1992
Vortex,#4674,2019
Hakkenden,#4675,2024
Bayside Shakedown 2: Save the Rainbow Bridge,#4676,2003
That Kind of Love Story,#4677,2015
"Mom, If I Were a Vampire",#4678,2022
Zatoichi Meets the One-Armed Swordsman,#4679,1971
Green Snake,#4680,1993
The Girl in the Orange Dress,#4681,2018
Begin Again,#4682,2020
Umizaru,#4683,2004
A World Without Thieves,#4684,2004
Hinomaru Soul: Heroes Behind the Scenes,#4685,2021
In the Heat of the Sun,#4686,1994
King Naresuan 2: Reclaiming Sovereignty,#4687,2007
Dances with the Dragon,#4688,1991
Touken Ranbu,#4689,2019
Eros: The Hand,#4690,2004
"To Sir, with Love",#4691,2010
Riverside Mukoritta,#4692,2022
Guilty of Mind,#4693,2017
The Scar,#4694,2014
To Be Immortal,#4695,2018
Biography of Meng Po,#4696,2024
SP: The Motion Picture,#4697,2010
"Ah, Wilderness 2",#4698,2017
The Demon,#4699,1978
Potechi,#4700,2012
Romantic Zhen Xing Shi,#4701,2018
Hana Korea,#4702,2025
Hero,#4703,2022
Lei & Mar,#4704,2023
Tora-san 30: The Expert,#4705,1982
Malaya,#4706,2020
Lone Wolf and Cub: Sword of Vengeance,#4707,1972
High Forces,#4708,2024
Till the Day I Can Laugh About My Blues,#4709,2023
Little Cheung,#4710,2000
The Magic Hour,#4711,2008
Eat Drink Man Woman 2,#4712,2012
For Love to Let Go,#4713,2016
Mia,#4714,2020
Late Spring,#4715,2014
LSS,#4716,2019
The Crazy Family,#4717,1984
S.W.A.T.,#4718,2019
Impale,#4719,2013
The Stone,#4720,2014
Wolf Totem,#4721,2015
Kailangan Ko’y Ikaw,#4722,2000
Deadma Walking,#4723,2017
Bayside Shakedown 3: Set the Guys Loose!,#4724,2010
Begin Again,#4725,2019
Judge Bao: Academy Intrigue,#4726,2023
A Light Never Goes Out,#4727,2022
Unparalleled Yanshi: Gracious Master of Emei,#4728,2018
Nambugun: North Korean Partisan in South Korea,#4729,1990
Forbidden City Cop,#4730,1996
Onmyoji 2,#4731,2003
Unforgivable,#4732,2023
The Floating Castle,#4733,2012
Taklee Genesis,#4734,2024
Young and Dangerous 2,#4735,1996
Toilet,#4736,2010
Madadayo,#4737,1993
Too Beautiful to Lie,#4738,2023
Third World Romance,#4739,2023
My Boo 2,#4740,2025
The Dreaming Man,#4741,2017
Now I Met Her,#4742,2026
Happy Times,#4743,2000
Zatoichi the Outlaw,#4744,1967
Letters from Nirai Kanai,#4745,2005
Magic Town,#4746,2021
Smile,#4747,2007
The Rickshaw Man,#4748,1958
Coffin Mountain Ancient Tomb,#4749,2022
How to Find a Lover,#4750,2023
Ang Totoong Kalaban,#4751,2019
Uchuu Sentai Kyuranger: Episode of Stinger,#4752,2017
Time to Be Strong,#4753,2024
Will You Marry My Wife?,#4754,2016
Leaving on the 15th Spring,#4755,2013
The Gift,#4756,2019
Curbing Violence,#4757,2024
Gold or Shit,#4758,2024
KAMIKAZE TAXI,#4759,1995
Concetta,#4760,2025
Rainy Dog,#4761,1997
Summer Snow,#4762,2015
End of Summer,#4763,2018
Joking Jazz 4G,#4764,2016
A Lone Scalpel,#4765,2010
Tragedy of W,#4766,1984
Springtime in a Small Town,#4767,2002
Sacrificed Youth,#4768,1986
Night and Fog,#4769,2009
"Fight, Zatoichi, Fight",#4770,1964
No Direction Home,#4771,2023
Mind Memory,#4772,2017
The Fish with One Sleeve,#4773,2021
Dubai,#4774,2005
"I Are You, You Am Me",#4775,1982
Meets the World,#4776,2025
"To Us, From Us",#4777,2018
God's Daughter Dances,#4778,2020
Zatoichi: The Festival of Fire,#4779,1970
Letter From An Unknown Woman,#4780,2004
Mom's Celestial Robe of Feathers,#4781,2022
The Exchange,#4782,2019
The Story of Yuan Tiangang,#4783,2024
Cherish the World,#4784,2021
The Letter,#4785,2006
The Grapes of Joy,#4786,2021
How Do I Kill That B?,#4787,2021
Ultraman Taiga the Movie: New Generation Climax,#4788,2020
Zatoichi at Large,#4789,1972
Fist Of Fury 1991 2,#4790,1992
Tai Chi Boxer,#4791,1996
Fairy Tale of Love,#4792,2017
Angelito,#4793,2017
Rome & Juliet,#4794,2006
Fat Choi Spirit,#4795,2002
Pâtissier and Young Lady,#4796,2022
Working on Saturday,#4797,2011
All Ears,#4798,2023
A Single Spark,#4799,1995
A Conviction of Marriage,#4800,2024
Dragon From Shaolin,#4801,1996
Floating Weeds,#4802,1959
Dr. Koto Shinryojo 2022,#4803,2022
The Flavor of Green Tea over Rice,#4804,1952
No Matter How Much My Mother Dislikes Me,#4805,2018
The Story of the Last Chrysanthemum,#4806,1939
NMB48 Geinin! THE MOVIE Owarai Seishun Girls!,#4807,2013
The Undertaker,#4808,2023
The Wizard Of Penglai,#4809,2020
The Young Master,#4810,1980
Ice Bar,#4811,2006
Di Renjie: The Lost Gold,#4812,2018
"Bruce Lee, My Brother",#4813,2010
Show Me Your Love,#4814,2016
"Library ""mini"" Wars: The First Mission",#4815,2015
Us Again,#4816,2020
GONIN,#4817,1995
Snake and Crane Arts of Shaolin,#4818,1978
Into the Faraway Sky,#4819,2007
Chushingura,#4820,1962
Xiu Xiu: The Sent Down Girl,#4821,1998
Be My Family,#4822,2023
The Terrorizers,#4823,1986
Lili Alone,#4824,2021
Harmonia,#4825,2024
Lady Hermit,#4826,1971
With Prisoners,#4827,2017
Ohayo Sapporo,#4828,2013
Nice to Meet You,#4829,2018
The Only Son,#4830,1936
Restaurant from the Sky,#4831,2019
One Last Bloom,#4832,2023
Dancing Green,#4833,2023
Goyokin,#4834,1969
"Wedding, Together, Partaker",#4835,2006
Concerning My Daughter,#4836,2023
Protege,#4837,2007
My Surprise Girl,#4838,2017
Familia Blondina,#4839,2019
Radiation House: The Movie,#4840,2022
The Story of Us That Never Was,#4841,2015
Once a Thief,#4842,1991
Tenshi no Iru Toshokan,#4843,2017
Tenohira no Puzzle,#4844,2023
Faking Beethoven,#4845,2025
Kimmy Dora and the Temple of Kiyeme,#4846,2012
Supahpapalicious,#4847,2008
Cold War 1994,#4848,2026
The White Storm,#4849,2013
Grean Fictions,#4850,2013
Just Get Married,#4851,2015
Around the Edge of the Stand,#4852,2020
How to Find Happiness,#4853,2022
A Paper Marriage,#4854,2018
Seventy Seven Days,#4855,2017
An Arrow through the Heart,#4856,2024
Hi Bye,#4857,2012
The Ghost Story of the Snow Witch,#4858,1968
Haruka's Pottery,#4859,2019
"Sensei, Would You Sit Beside Me?",#4860,2021
Righting Wrongs,#4861,1986
A Terracotta Warrior,#4862,1990
Tora! Tora! Tora!,#4863,1970
Adventurous Treasure Island,#4864,1996
The River,#4865,2023
366,#4866,2022
Mameshiba Cubbish Puppy,#4867,2009
Baler,#4868,2008
Legend of the Ancient Sword: Sorrowsong Conspiracy,#4869,2021
Love Lies,#4870,2024
Fest Godzilla 4: Operation Jet Jaguar,#4871,2023
Sunset Sunrise,#4872,2024
Chasing the Dragon 2,#4873,2019
Way Back Home,#4874,2011
Song of Youth,#4875,2019
Forensic Medicine Song Ci,#4876,2020
Escape from the 21st Century,#4877,2024
The Ramen Girl,#4878,2008
Lost in Russia,#4879,2020
Zatoichi and the Fugitives,#4880,1968
The Avenging Eagle,#4881,1978
Gekijo Ban: Acma:Game - Saigo no Kagi,#4882,2024
Hakaider,#4883,1995
Tiger Cage 1,#4884,1988
Portrait of the Days of Youth,#4885,1991
Immortal of Mr. Gong,#4886,2020
"The Bold, the Corrupt, and the Beautiful",#4887,2017
Seklusyon,#4888,2016
Change,#4889,1997
Bikeman 2,#4890,2019
Invincible Call to Power,#4891,2019
Saint☆Oniisan,#4892,2018
Legend of a Duel to the Death,#4893,1963
Northern Lights: A Journey to Love,#4894,2017
"Wedded, Worried, Wearied",#4895,2007
Engine Sentai Go-Onger: 10 Years Grand Prix,#4896,2018
Love Is Light,#4897,2022
Be Alive Just Like You,#4898,2020
Eighteen Arhats of Shaolin Temple,#4899,2020
The Silent Service,#4900,2023
Late Bloomer,#4901,2016
Just a Stranger,#4902,2019
No Regrets for Our Youth,#4903,1946
Table for Six,#4904,2022
21st Century Girl,#4905,2019
The Bird People in China,#4906,1998
Kung Fu Angels,#4907,2014
Zhong Wu Yen,#4908,2001
Aimitagai,#4909,2024
The Shower,#4910,1979
Glorious,#4911,2018
Ghost Machine,#4912,2018
Hey Boys,#4913,2018
Twilight: Saya in Sasara,#4914,2014
What's Really Wrong With Secretary Kim,#4915,2020
Citizen Dog,#4916,2004
From the End of the World,#4917,2023
An Old Lady,#4918,2020
Rewrite,#4919,2025
Stray Dogz,#4920,2015
A Soul Haunted by Painting,#4921,1994
Tora-san 9: Dear Old Home,#4922,1972
The Adventures of Kosuke Kindaichi,#4923,1979
"Sayonara, Girls.",#4924,2022
The Viewpoint,#4925,2016
Qimen Dark Blade,#4926,2022
Miss Kicki,#4927,2009
Ecotherapy Getaway Holiday,#4928,2014
A Home from Home,#4929,2022
Contestant #4,#4930,2016
No Doubt,#4931,2010
City of Glass,#4932,1998
Just the 3 of Us,#4933,2016
Early Spring,#4934,1956
Latitude 6,#4935,2015
"Run, Brothers!",#4936,2015
No One Like Me,#4937,2025
Unleashed,#4938,2020
Skull Island,#4939,2023
The Bride With White Hair,#4940,1993
The Last Beergin,#4941,2025
The War of Loong,#4942,2017
Muscle Grandpa,#4943,2021
A Geisha,#4944,1953
Minbo: The Gentle Art of Japanese Extortion,#4945,1992
Maybe This Time,#4946,2014
Black Lizard,#4947,1968
Exes Baggage,#4948,2018
"Mom, Is That You?!",#4949,2023
Ex-Mas,#4950,2020
The Day After Valentine's,#4951,2018
Happy Ghost,#4952,1984
Heavenly Legend,#4953,1999
Dragon Hunter,#4954,2020
Sana Dati,#4955,2013
The White Storm 2: Drug Lords,#4956,2019
Took Wan Dai Mai,#4957,2021
Messengers,#4958,1999
Oh My Ghost 2,#4959,2011
Monga,#4960,2010
Drum Youth,#4961,2012
Tokuso Sentai Dekaranger 20th: Fireball Booster,#4962,2024
Viet and Nam,#4963,2024
Goldfish on the Seaside,#4964,2021
Martial Universe: Nine Talisman Tower,#4965,2021
Where Spring Comes Late,#4966,1970
Fall of Ming,#4967,2013
When the Last Sword Is Drawn,#4968,2003
Ushijima the Loan Shark: The Final,#4969,2016
Tora-san 16: The Intellectual,#4970,1975
Tora-san 24: Dream of Spring,#4971,1979
Okiku and the World,#4972,2023
Akira and Akira,#4973,2022
Until We Meet Again,#4974,2019
Detective Pikachu,#4975,2019
Crime Story,#4976,1993
Veils,#4977,2021
Goodbye Debussy,#4978,2013
Flames: The Movie,#4979,1997
Sweet Home,#4980,2021
"A Girl, She Is 100%",#4981,1983
Lupin's Daughter: The Movie,#4982,2021
The Stand-In Thief,#4983,2017
You to Me Are Everything,#4984,2010
Nang Nak,#4985,1999
Born to be Human,#4986,2021
Don't Look Back,#4987,1999
The Ghost Story: Love Redemption,#4988,2020
Trail of the Panda,#4989,2009
The Mistress,#4990,2012
Banned from Broadcast: Saiko! The Large Family,#4991,2009
Samurai Swordfish,#4992,2022
The Wolves,#4993,1971
Meow,#4994,2017
Small Town Rivals,#4995,2007
Two Belles in Love,#4996,2021
Kamisama Help!,#4997,2010
1895,#4998,2008
Festival,#4999,1996
Mr. Vampire,#5000,1985
